Time,Temperature(C),Humidity(%),Dewpoint(C),HeatIndex(C)
2023/01/01 00:44,24.2,39,9.4,24.2
2023/01/01 01:44,24.2,39,9.4,24.2
2023/01/01 02:44,24.0,39,9.2,24.0
2023/01/01 03:44,23.7,39,9.0,23.7
2023/01/01 04:44,23.9,39,9.1,23.9
2023/01/01 05:44,23.8,39,9.0,23.8
2023/01/01 06:44,23.8,39,9.0,23.8
2023/01/01 07:44,23.7,39,9.0,23.7
2023/01/01 08:44,23.6,39,8.9,23.6
2023/01/01 09:44,23.8,38,8.7,23.8
2023/01/01 10:44,24.2,38,9.0,24.2
2023/01/01 11:44,24.7,37,9.1,24.7
2023/01/01 12:44,25.0,36,8.9,25.0
2023/01/01 13:44,25.2,36,9.1,25.2
2023/01/01 14:44,25.5,35,8.9,25.5
2023/01/01 15:44,25.6,35,9.0,25.6
2023/01/01 16:44,25.5,36,9.4,25.5
2023/01/01 17:44,25.3,36,9.2,25.3
2023/01/01 18:44,25.2,37,9.5,25.2
2023/01/01 19:44,25.1,37,9.4,25.1
2023/01/01 20:44,24.9,37,9.2,24.9
2023/01/01 21:44,24.7,36,8.7,24.7
2023/01/01 22:44,24.7,36,8.7,24.7
2023/01/01 23:44,24.7,35,8.2,24.7
2023/01/02 00:44,24.7,34,7.8,24.7
2023/01/02 01:44,24.6,34,7.7,24.6
2023/01/02 02:44,24.5,33,7.2,24.5
2023/01/02 03:44,24.4,32,6.7,24.4
2023/01/02 04:44,24.3,31,6.1,24.3
2023/01/02 05:44,24.3,30,5.6,24.3
2023/01/02 06:44,24.3,30,5.6,24.3
2023/01/02 07:44,24.3,30,5.6,24.3
2023/01/02 08:44,24.3,30,5.6,24.3
2023/01/02 09:44,24.3,30,5.6,24.3
2023/01/02 10:44,24.6,30,5.9,24.6
2023/01/02 11:44,24.8,29,5.6,24.8
2023/01/02 12:44,24.9,29,5.7,24.9
2023/01/02 13:44,25.2,30,6.4,25.2
2023/01/02 14:44,25.2,29,5.9,25.2
2023/01/02 15:44,25.1,30,6.3,25.1
2023/01/02 16:44,25.0,30,6.3,25.0
2023/01/02 17:44,24.7,32,6.9,24.7
2023/01/02 18:44,24.7,33,7.4,24.7
2023/01/02 19:44,24.5,34,7.6,24.5
2023/01/02 20:44,24.4,35,8.0,24.4
2023/01/02 21:44,24.3,36,8.3,24.3
2023/01/02 22:44,24.2,37,8.6,24.2
2023/01/02 23:44,24.1,38,8.9,24.1
2023/01/03 00:44,24.0,38,8.8,24.0
2023/01/03 01:44,23.9,39,9.1,23.9
2023/01/03 02:44,23.9,39,9.1,23.9
2023/01/03 03:44,23.7,39,9.0,23.7
2023/01/03 04:44,23.6,39,8.9,23.6
2023/01/03 05:44,23.4,39,8.7,23.4
2023/01/03 06:44,23.3,39,8.6,23.3
2023/01/03 07:44,23.2,39,8.5,23.2
2023/01/03 08:44,23.1,39,8.4,23.1
2023/01/03 09:44,23.1,40,8.8,23.1
2023/01/03 10:44,23.1,40,8.8,23.1
2023/01/03 11:44,23.0,40,8.7,23.0
2023/01/03 12:44,23.1,40,8.8,23.1
2023/01/03 13:44,23.1,40,8.8,23.1
2023/01/03 14:44,23.2,40,8.9,23.2
2023/01/03 15:44,23.2,39,8.5,23.2
2023/01/03 16:44,23.1,39,8.4,23.1
2023/01/03 17:44,23.1,39,8.4,23.1
2023/01/03 18:44,23.1,39,8.4,23.1
2023/01/03 19:44,23.1,39,8.4,23.1
2023/01/03 20:44,23.0,39,8.3,23.0
2023/01/03 21:44,22.9,39,8.2,22.9
2023/01/03 22:44,22.9,39,8.2,22.9
2023/01/03 23:44,22.9,39,8.2,22.9
2023/01/04 00:44,22.9,39,8.2,22.9
2023/01/04 01:44,22.7,39,8.1,22.7
2023/01/04 02:44,22.4,39,7.8,22.4
2023/01/04 03:44,22.0,38,7.1,22.0
2023/01/04 04:44,21.6,37,6.3,21.6
2023/01/04 05:44,21.4,36,5.7,21.4
2023/01/04 06:44,21.1,37,5.9,21.1
2023/01/04 07:44,20.8,36,5.2,20.8
2023/01/04 09:37,19.7,37,4.6,19.7
2023/01/04 10:39,20.0,38,5.3,20.0
2023/01/04 11:39,20.7,39,6.3,20.7
2023/01/04 12:39,21.2,39,6.7,21.2
2023/01/04 13:39,21.7,38,6.8,21.7
2023/01/04 14:39,22.1,38,7.1,22.1
2023/01/04 15:39,22.5,37,7.1,22.5
2023/01/04 16:39,22.8,37,7.4,22.8
2023/01/04 17:39,22.9,37,7.5,22.9
2023/01/04 18:39,23.0,37,7.6,23.0
2023/01/04 19:39,23.2,36,7.3,23.2
2023/01/04 20:39,23.3,36,7.4,23.3
2023/01/04 21:39,23.3,36,7.4,23.3
2023/01/04 22:39,23.4,36,7.5,23.4
2023/01/04 23:39,23.4,36,7.5,23.4
2023/01/05 00:39,23.4,36,7.5,23.4
2023/01/05 01:39,23.4,36,7.5,23.4
2023/01/05 02:39,23.4,37,7.9,23.4
2023/01/05 03:39,23.4,37,7.9,23.4
2023/01/05 04:39,23.3,38,8.2,23.3
2023/01/05 05:39,23.4,38,8.3,23.4
2023/01/05 06:39,23.3,38,8.2,23.3
2023/01/05 07:39,23.3,39,8.6,23.3
2023/01/05 08:39,23.3,39,8.6,23.3
2023/01/05 09:39,23.3,39,8.6,23.3
2023/01/05 10:39,23.5,39,8.8,23.5
2023/01/05 11:39,23.7,39,9.0,23.7
2023/01/05 12:39,24.0,39,9.2,24.0
2023/01/05 13:39,24.4,39,9.6,24.4
2023/01/05 14:39,24.8,39,9.9,24.8
2023/01/05 15:39,25.1,38,9.8,25.1
2023/01/05 16:39,25.3,38,10.0,25.3
2023/01/05 17:39,25.1,38,9.8,25.1
2023/01/05 18:39,24.8,38,9.6,24.8
2023/01/05 19:39,24.6,37,9.0,24.6
2023/01/05 20:39,24.3,37,8.7,24.3
2023/01/05 21:39,23.9,36,8.0,23.9
2023/01/05 22:39,23.5,36,7.6,23.5
2023/01/05 23:39,23.2,35,6.9,23.2
2023/01/06 00:39,23.1,36,7.2,23.1
2023/01/06 01:39,23.0,37,7.6,23.0
2023/01/06 02:39,23.0,37,7.6,23.0
2023/01/06 03:39,22.9,38,7.9,22.9
2023/01/06 04:39,22.9,38,7.9,22.9
2023/01/06 05:39,22.9,38,7.9,22.9
2023/01/06 06:39,23.0,38,7.9,23.0
2023/01/06 07:39,23.0,38,7.9,23.0
2023/01/06 08:39,22.9,39,8.2,22.9
2023/01/06 09:39,22.6,39,8.0,22.6
2023/01/06 10:39,22.9,38,7.9,22.9
2023/01/06 11:39,23.1,38,8.0,23.1
2023/01/06 12:39,23.2,38,8.1,23.2
2023/01/06 13:39,23.4,38,8.3,23.4
2023/01/06 14:39,23.5,37,8.0,23.5
2023/01/06 15:39,23.6,36,7.7,23.6
2023/01/06 16:39,23.5,36,7.6,23.5
2023/01/06 17:39,23.5,36,7.6,23.5
2023/01/06 18:39,23.4,35,7.1,23.4
2023/01/06 19:39,23.5,35,7.2,23.5
2023/01/06 20:39,23.4,35,7.1,23.4
2023/01/06 21:39,23.4,35,7.1,23.4
2023/01/06 22:39,23.3,35,7.0,23.3
2023/01/06 23:39,23.4,35,7.1,23.4
2023/01/07 00:39,23.3,35,7.0,23.3
2023/01/07 01:39,23.3,35,7.0,23.3
2023/01/07 02:39,23.2,36,7.3,23.2
2023/01/07 03:39,23.2,36,7.3,23.2
2023/01/07 04:39,23.2,36,7.3,23.2
2023/01/07 05:39,23.1,35,6.8,23.1
2023/01/07 06:39,23.1,35,6.8,23.1
2023/01/07 07:39,22.9,35,6.7,22.9
2023/01/07 08:39,22.6,35,6.4,22.6
2023/01/07 09:39,22.6,35,6.4,22.6
2023/01/07 10:39,22.9,34,6.2,22.9
2023/01/07 11:39,23.3,33,6.2,23.3
2023/01/07 12:39,23.7,33,6.5,23.7
2023/01/07 13:39,23.9,33,6.7,23.9
2023/01/07 14:39,24.4,33,7.1,24.4
2023/01/07 15:39,24.7,33,7.4,24.7
2023/01/07 16:39,24.7,33,7.4,24.7
2023/01/07 17:39,24.4,33,7.1,24.4
2023/01/07 18:39,24.4,33,7.1,24.4
2023/01/07 19:39,24.3,32,6.6,24.3
2023/01/07 20:39,24.1,32,6.4,24.1
2023/01/07 21:39,23.8,32,6.1,23.8
2023/01/07 22:39,23.7,31,5.6,23.7
2023/01/07 23:39,23.7,31,5.6,23.7
2023/01/08 00:39,23.6,30,5.0,23.6
2023/01/08 01:39,23.6,30,5.0,23.6
2023/01/08 02:39,23.6,30,5.0,23.6
2023/01/08 03:39,23.6,31,5.5,23.6
2023/01/08 04:39,23.5,32,5.9,23.5
2023/01/08 05:39,23.5,33,6.3,23.5
2023/01/08 06:39,23.5,33,6.3,23.5
2023/01/08 07:39,23.5,33,6.3,23.5
2023/01/08 08:39,23.5,34,6.8,23.5
2023/01/08 09:39,23.4,35,7.1,23.4
2023/01/08 10:39,23.3,36,7.4,23.3
2023/01/08 11:39,23.3,37,7.8,23.3
2023/01/08 12:39,23.2,37,7.7,23.2
2023/01/08 13:39,23.3,38,8.2,23.3
2023/01/08 14:39,23.3,38,8.2,23.3
2023/01/08 15:39,23.3,38,8.2,23.3
2023/01/08 16:39,23.3,38,8.2,23.3
2023/01/08 17:39,23.3,38,8.2,23.3
2023/01/08 18:39,23.3,38,8.2,23.3
2023/01/08 19:39,23.3,39,8.6,23.3
2023/01/08 20:39,23.2,39,8.5,23.2
2023/01/08 21:39,23.2,39,8.5,23.2
2023/01/08 22:39,23.3,39,8.6,23.3
2023/01/08 23:39,23.3,39,8.6,23.3
2023/01/09 00:39,23.3,39,8.6,23.3
2023/01/09 01:39,23.1,39,8.4,23.1
2023/01/09 02:39,22.5,37,7.1,22.5
2023/01/09 03:39,22.3,34,5.7,22.3
2023/01/09 04:39,22.4,33,5.4,22.4
2023/01/09 05:39,22.3,32,4.8,22.3
2023/01/09 06:39,22.1,31,4.2,22.1
2023/01/09 07:39,22.0,31,4.1,22.0
2023/01/09 08:39,21.9,31,4.0,21.9
2023/01/09 09:39,21.9,32,4.5,21.9
2023/01/09 10:39,21.8,33,4.8,21.8
2023/01/09 11:39,21.7,33,4.8,21.7
2023/01/09 12:39,21.7,34,5.2,21.7
2023/01/09 13:39,21.6,34,5.1,21.6
2023/01/09 14:39,21.6,34,5.1,21.6
2023/01/09 15:39,21.6,34,5.1,21.6
2023/01/09 16:39,21.8,32,4.4,21.8
2023/01/09 17:39,21.8,31,3.9,21.8
2023/01/09 18:39,21.6,32,4.2,21.6
2023/01/09 19:39,21.5,32,4.1,21.5
2023/01/09 20:39,21.5,32,4.1,21.5
2023/01/09 21:39,21.3,33,4.4,21.3
2023/01/09 22:39,21.3,33,4.4,21.3
2023/01/09 23:39,21.3,33,4.4,21.3
2023/01/10 00:39,21.3,32,4.0,21.3
2023/01/10 01:39,21.2,31,3.4,21.2
2023/01/10 02:39,21.1,31,3.3,21.1
2023/01/10 03:39,21.1,31,3.3,21.1
2023/01/10 04:39,21.1,31,3.3,21.1
2023/01/10 05:39,21.0,32,3.7,21.0
2023/01/10 06:39,20.8,33,4.0,20.8
2023/01/10 07:39,20.6,33,3.8,20.6
2023/01/10 08:39,20.3,33,3.5,20.3
2023/01/10 09:39,20.5,32,3.3,20.5
2023/01/10 10:39,20.8,32,3.5,20.8
2023/01/10 11:39,21.1,32,3.8,21.1
2023/01/10 12:39,21.4,31,3.6,21.4
2023/01/10 13:39,21.8,31,3.9,21.8
2023/01/10 14:39,22.2,29,3.3,22.2
2023/01/10 15:39,22.2,29,3.3,22.2
2023/01/10 16:39,22.2,29,3.3,22.2
2023/01/10 17:39,22.2,30,3.8,22.2
2023/01/10 18:39,22.2,30,3.8,22.2
2023/01/10 19:39,22.1,30,3.7,22.1
2023/01/10 20:39,22.0,30,3.7,22.0
2023/01/10 21:39,22.0,30,3.7,22.0
2023/01/10 22:39,21.9,31,4.0,21.9
2023/01/10 23:39,21.9,31,4.0,21.9
2023/01/11 00:39,21.9,31,4.0,21.9
2023/01/11 01:39,21.9,31,4.0,21.9
2023/01/11 02:39,21.8,31,3.9,21.8
2023/01/11 03:39,21.7,31,3.9,21.7
2023/01/11 04:39,21.6,31,3.8,21.6
2023/01/11 05:39,21.5,30,3.2,21.5
2023/01/11 07:06,20.7,31,3.0,20.7
2023/01/11 08:06,20.8,31,3.1,20.8
2023/01/11 09:06,20.9,31,3.2,20.9
2023/01/11 10:06,21.1,32,3.8,21.1
2023/01/11 11:06,21.2,32,3.9,21.2
2023/01/11 12:06,21.4,33,4.5,21.4
2023/01/11 13:06,21.4,34,4.9,21.4
2023/01/11 14:06,21.4,35,5.3,21.4
2023/01/11 15:06,21.5,36,5.8,21.5
2023/01/11 16:06,21.6,36,5.9,21.6
2023/01/11 17:06,21.6,36,5.9,21.6
2023/01/11 18:06,21.8,36,6.1,21.8
2023/01/11 19:06,21.7,36,6.0,21.7
2023/01/11 20:06,21.7,36,6.0,21.7
2023/01/11 21:06,21.7,36,6.0,21.7
2023/01/11 22:06,21.6,35,5.5,21.6
2023/01/11 23:06,21.5,34,5.0,21.5
2023/01/12 00:06,21.4,34,4.9,21.4
2023/01/12 01:06,21.3,34,4.8,21.3
2023/01/12 02:06,21.3,34,4.8,21.3
2023/01/12 03:06,21.2,34,4.7,21.2
2023/01/12 04:06,21.2,34,4.7,21.2
2023/01/12 05:06,21.1,34,4.7,21.1
2023/01/12 06:06,21.1,34,4.7,21.1
2023/01/12 07:06,21.0,34,4.6,21.0
2023/01/12 08:06,20.9,34,4.5,20.9
2023/01/12 09:06,20.9,34,4.5,20.9
2023/01/12 10:06,21.0,34,4.6,21.0
2023/01/12 11:06,21.1,33,4.2,21.1
2023/01/12 12:06,21.4,33,4.5,21.4
2023/01/12 13:06,21.6,33,4.7,21.6
2023/01/12 14:06,22.0,33,5.0,22.0
2023/01/12 15:06,22.0,33,5.0,22.0
2023/01/12 16:06,22.0,33,5.0,22.0
2023/01/12 17:06,22.1,33,5.1,22.1
2023/01/12 18:06,22.0,32,4.6,22.0
2023/01/12 19:06,22.0,32,4.6,22.0
2023/01/12 20:06,22.0,32,4.6,22.0
2023/01/12 21:06,21.9,31,4.0,21.9
2023/01/12 22:06,21.9,31,4.0,21.9
2023/01/12 23:06,21.8,32,4.4,21.8
2023/01/13 00:06,21.8,31,3.9,21.8
2023/01/13 01:06,21.8,32,4.4,21.8
2023/01/13 02:06,21.8,32,4.4,21.8
2023/01/13 03:06,21.8,32,4.4,21.8
2023/01/13 04:06,21.8,32,4.4,21.8
2023/01/13 05:06,21.7,33,4.8,21.7
2023/01/13 06:06,21.6,34,5.1,21.6
2023/01/13 07:06,21.5,35,5.4,21.5
2023/01/13 08:06,21.3,36,5.7,21.3
2023/01/13 09:06,21.3,36,5.7,21.3
2023/01/13 10:06,21.3,37,6.0,21.3
2023/01/13 11:06,21.4,37,6.1,21.4
2023/01/13 12:06,21.6,37,6.3,21.6
2023/01/13 13:06,21.8,38,6.9,21.8
2023/01/13 14:06,21.9,38,7.0,21.9
2023/01/13 15:06,22.2,37,6.8,22.2
2023/01/13 16:06,22.5,36,6.7,22.5
2023/01/13 17:06,22.5,35,6.3,22.5
2023/01/13 18:06,22.5,35,6.3,22.5
2023/01/13 19:06,22.5,34,5.9,22.5
2023/01/13 20:06,22.5,34,5.9,22.5
2023/01/13 21:06,22.4,33,5.4,22.4
2023/01/13 22:06,22.4,33,5.4,22.4
2023/01/13 23:06,22.4,33,5.4,22.4
2023/01/14 00:06,22.3,33,5.3,22.3
2023/01/14 01:06,22.1,33,5.1,22.1
2023/01/14 02:06,22.0,33,5.0,22.0
2023/01/14 03:06,21.9,33,4.9,21.9
2023/01/14 04:06,21.9,33,4.9,21.9
2023/01/14 05:06,21.8,33,4.8,21.8
2023/01/14 06:06,21.7,32,4.3,21.7
2023/01/14 07:06,21.5,32,4.1,21.5
2023/01/14 08:06,21.4,32,4.1,21.4
2023/01/14 09:06,21.3,32,4.0,21.3
2023/01/14 10:06,21.3,32,4.0,21.3
2023/01/14 11:06,21.4,32,4.1,21.4
2023/01/14 12:06,21.6,32,4.2,21.6
2023/01/14 13:06,21.6,31,3.8,21.6
2023/01/14 14:06,21.9,30,3.6,21.9
2023/01/14 15:06,22.1,30,3.7,22.1
2023/01/14 16:06,22.3,29,3.4,22.3
2023/01/14 17:06,22.4,30,4.0,22.4
2023/01/14 18:06,22.5,29,3.6,22.5
2023/01/14 19:06,22.6,29,3.7,22.6
2023/01/14 20:06,22.6,29,3.7,22.6
2023/01/14 21:06,22.6,28,3.2,22.6
2023/01/14 22:06,22.7,27,2.8,22.7
2023/01/14 23:06,22.7,28,3.3,22.7
2023/01/15 00:06,22.6,30,4.2,22.6
2023/01/15 01:06,22.4,32,4.9,22.4
2023/01/15 02:06,22.0,34,5.4,22.0
2023/01/15 03:06,21.7,35,5.6,21.7
2023/01/15 04:06,22.0,36,6.3,22.0
2023/01/15 05:06,22.0,37,6.7,22.0
2023/01/15 06:06,22.0,37,6.7,22.0
2023/01/15 07:06,22.2,36,6.4,22.2
2023/01/15 08:06,22.3,36,6.5,22.3
2023/01/15 09:06,22.5,35,6.3,22.5
2023/01/15 10:06,22.1,35,6.0,22.1
2023/01/15 11:06,22.1,34,5.5,22.1
2023/01/15 12:06,22.0,33,5.0,22.0
2023/01/15 13:06,21.8,33,4.8,21.8
2023/01/15 14:06,21.8,33,4.8,21.8
2023/01/15 15:06,21.6,33,4.7,21.6
2023/01/15 16:06,22.0,32,4.6,22.0
2023/01/15 17:06,21.8,32,4.4,21.8
2023/01/15 18:06,21.4,32,4.1,21.4
2023/01/15 19:06,21.2,32,3.9,21.2
2023/01/15 20:06,21.0,32,3.7,21.0
2023/01/15 21:06,20.7,32,3.4,20.7
2023/01/15 22:06,20.4,32,3.2,20.4
2023/01/15 23:06,20.2,32,3.0,20.2
2023/01/16 00:06,20.0,32,2.8,20.0
2023/01/16 01:06,19.7,32,2.6,19.7
2023/01/16 02:06,19.5,32,2.4,19.5
2023/01/16 03:06,19.4,32,2.3,19.4
2023/01/16 04:06,19.1,32,2.0,19.1
2023/01/16 05:06,19.0,32,2.0,19.0
2023/01/16 06:06,18.9,31,1.4,18.9
2023/01/16 07:06,18.8,31,1.3,18.8
2023/01/16 08:06,18.8,31,1.3,18.8
2023/01/16 09:06,18.7,33,2.1,18.7
2023/01/16 10:06,18.7,34,2.5,18.7
2023/01/16 11:06,18.3,35,2.6,18.3
2023/01/16 12:06,18.5,35,2.8,18.5
2023/01/16 13:06,18.7,35,3.0,18.7
2023/01/16 14:06,18.8,35,3.0,18.8
2023/01/16 15:06,18.8,36,3.4,18.8
2023/01/16 16:06,19.1,35,3.3,19.1
2023/01/16 17:06,19.3,34,3.1,19.3
2023/01/16 18:06,19.4,34,3.2,19.4
2023/01/16 19:06,19.4,34,3.2,19.4
2023/01/16 20:06,19.4,34,3.2,19.4
2023/01/16 21:06,19.5,34,3.2,19.5
2023/01/16 22:06,19.6,33,2.9,19.6
2023/01/16 23:06,19.6,33,2.9,19.6
2023/01/17 00:06,19.5,34,3.2,19.5
2023/01/17 01:06,19.5,34,3.2,19.5
2023/01/17 02:06,19.5,34,3.2,19.5
2023/01/17 03:06,19.5,34,3.2,19.5
2023/01/17 04:06,19.4,33,2.7,19.4
2023/01/17 05:06,19.3,33,2.6,19.3
2023/01/17 06:06,19.3,33,2.6,19.3
2023/01/17 07:06,19.3,33,2.6,19.3
2023/01/17 08:06,19.3,34,3.1,19.3
2023/01/17 09:06,19.2,34,3.0,19.2
2023/01/17 10:06,19.1,34,2.9,19.1
2023/01/17 11:06,19.1,34,2.9,19.1
2023/01/17 12:06,19.1,34,2.9,19.1
2023/01/17 13:06,19.1,33,2.5,19.1
2023/01/17 14:06,19.2,34,3.0,19.2
2023/01/17 15:06,19.6,34,3.3,19.6
2023/01/17 16:06,19.5,34,3.2,19.5
2023/01/17 17:06,19.8,33,3.1,19.8
2023/01/17 18:06,19.9,32,2.7,19.9
2023/01/17 19:06,19.8,31,2.2,19.8
2023/01/17 20:06,19.9,30,1.8,19.9
2023/01/17 21:06,19.9,31,2.3,19.9
2023/01/17 22:06,19.7,32,2.6,19.7
2023/01/17 23:06,19.8,32,2.7,19.8
2023/01/18 00:06,19.7,32,2.6,19.7
2023/01/18 01:06,19.6,32,2.5,19.6
2023/01/18 02:06,19.6,33,2.9,19.6
2023/01/18 03:06,19.5,33,2.8,19.5
2023/01/18 04:06,19.5,33,2.8,19.5
2023/01/18 05:06,19.5,33,2.8,19.5
2023/01/18 06:06,19.4,33,2.7,19.4
2023/01/18 07:06,19.4,33,2.7,19.4
2023/01/18 08:06,19.4,33,2.7,19.4
2023/01/18 09:06,19.3,33,2.6,19.3
2023/01/18 10:06,19.5,33,2.8,19.5
2023/01/18 11:06,19.6,33,2.9,19.6
2023/01/18 12:06,19.7,33,3.0,19.7
2023/01/18 13:06,19.7,33,3.0,19.7
2023/01/18 14:06,19.6,33,2.9,19.6
2023/01/18 15:06,19.6,32,2.5,19.6
2023/01/18 16:06,19.7,32,2.6,19.7
2023/01/18 17:06,19.7,32,2.6,19.7
2023/01/18 18:06,19.6,31,2.0,19.6
2023/01/18 19:06,19.4,29,0.9,19.4
2023/01/18 20:06,19.3,27,-0.1,19.3
2023/01/18 21:06,19.1,26,-0.8,19.1
2023/01/18 22:06,19.1,26,-0.8,19.1
2023/01/18 23:06,18.8,26,-1.1,18.8
2023/01/19 00:06,18.7,26,-1.2,18.7
2023/01/19 01:06,18.5,26,-1.3,18.5
2023/01/19 02:06,18.3,26,-1.5,18.3
2023/01/19 03:06,18.1,27,-1.2,18.1
2023/01/19 04:06,17.8,27,-1.4,17.8
2023/01/19 05:06,17.5,27,-1.7,17.5
2023/01/19 06:06,17.2,27,-1.9,17.2
2023/01/19 07:06,16.9,27,-2.2,16.9
2023/01/19 08:06,16.7,27,-2.4,16.7
2023/01/19 09:06,16.6,27,-2.5,16.6
2023/01/19 10:06,17.1,27,-2.0,17.1
2023/01/19 11:06,17.6,26,-2.1,17.6
2023/01/19 12:06,18.1,26,-1.7,18.1
2023/01/19 13:06,18.5,26,-1.3,18.5
2023/01/19 14:06,18.9,26,-1.0,18.9
2023/01/19 15:06,19.4,25,-1.1,19.4
2023/01/19 16:06,19.8,24,-1.3,19.8
2023/01/19 17:06,19.6,25,-0.9,19.6
2023/01/19 18:06,19.3,25,-1.2,19.3
2023/01/19 19:06,18.9,25,-1.5,18.9
2023/01/19 20:06,18.6,26,-1.3,18.6
2023/01/19 21:06,18.3,26,-1.5,18.3
2023/01/19 22:06,18.2,26,-1.6,18.2
2023/01/19 23:06,18.0,26,-1.8,18.0
2023/01/20 00:06,18.0,26,-1.8,18.0
2023/01/20 01:06,17.8,26,-1.9,17.8
2023/01/20 02:06,17.5,26,-2.2,17.5
2023/01/20 03:06,17.4,26,-2.3,17.4
2023/01/20 04:06,17.2,26,-2.5,17.2
2023/01/20 05:06,17.1,26,-2.5,17.1
2023/01/20 06:06,17.0,26,-2.6,17.0
2023/01/20 07:06,16.8,26,-2.8,16.8
2023/01/20 08:06,16.5,26,-3.1,16.5
2023/01/20 09:06,16.5,26,-3.1,16.5
2023/01/20 10:06,16.8,26,-2.8,16.8
2023/01/20 11:06,17.2,26,-2.5,17.2
2023/01/20 12:06,17.9,26,-1.9,17.9
2023/01/20 13:06,18.4,26,-1.4,18.4
2023/01/20 14:06,18.8,26,-1.1,18.8
2023/01/20 15:06,18.9,25,-1.5,18.9
2023/01/20 16:06,19.0,25,-1.5,19.0
2023/01/20 17:06,19.2,25,-1.3,19.2
2023/01/20 18:06,19.2,25,-1.3,19.2
2023/01/20 19:06,19.0,26,-0.9,19.0
2023/01/20 20:06,18.9,25,-1.5,18.9
2023/01/20 21:06,18.8,24,-2.2,18.8
2023/01/20 22:06,18.9,24,-2.1,18.9
2023/01/20 23:06,18.8,24,-2.2,18.8
2023/01/21 00:06,18.8,24,-2.2,18.8
2023/01/21 01:06,18.9,25,-1.5,18.9
2023/01/21 02:06,18.9,26,-1.0,18.9
2023/01/21 03:06,18.8,26,-1.1,18.8
2023/01/21 04:06,18.7,26,-1.2,18.7
2023/01/21 05:06,18.6,26,-1.3,18.6
2023/01/21 06:06,18.4,26,-1.4,18.4
2023/01/21 07:06,18.3,25,-2.0,18.3
2023/01/21 08:06,18.0,25,-2.3,18.0
2023/01/21 09:06,17.8,25,-2.5,17.8
2023/01/21 10:06,17.9,25,-2.4,17.9
2023/01/21 11:06,18.4,24,-2.5,18.4
2023/01/21 12:06,18.4,23,-3.1,18.4
2023/01/21 13:06,18.0,23,-3.4,18.0
2023/01/21 14:06,18.2,23,-3.3,18.2
2023/01/21 15:06,18.1,23,-3.3,18.1
2023/01/21 16:06,17.8,23,-3.6,17.8
2023/01/21 17:06,17.6,24,-3.2,17.6
2023/01/21 18:06,17.7,24,-3.1,17.7
2023/01/21 19:06,17.6,24,-3.2,17.6
2023/01/21 20:06,17.2,24,-3.5,17.2
2023/01/21 21:06,16.9,24,-3.8,16.9
2023/01/21 22:06,16.6,24,-4.0,16.6
2023/01/21 23:06,16.3,25,-3.8,16.3
2023/01/22 00:06,16.2,25,-3.8,16.2
2023/01/22 01:06,16.0,25,-4.0,16.0
2023/01/22 02:06,16.2,25,-3.8,16.2
2023/01/22 03:06,16.5,25,-3.6,16.5
2023/01/22 04:06,16.7,25,-3.4,16.7
2023/01/22 05:06,16.9,25,-3.2,16.9
2023/01/22 06:06,17.1,25,-3.1,17.1
2023/01/22 07:06,17.2,25,-3.0,17.2
2023/01/22 08:06,17.4,25,-2.8,17.4
2023/01/22 09:06,17.5,25,-2.7,17.5
2023/01/22 10:06,17.7,25,-2.6,17.7
2023/01/22 11:06,17.7,25,-2.6,17.7
2023/01/22 12:06,17.9,25,-2.4,17.9
2023/01/22 13:06,18.0,25,-2.3,18.0
2023/01/22 14:06,18.2,25,-2.1,18.2
2023/01/22 15:06,18.3,24,-2.6,18.3
2023/01/22 16:06,18.4,24,-2.5,18.4
2023/01/22 17:06,18.4,24,-2.5,18.4
2023/01/22 18:06,18.5,24,-2.4,18.5
2023/01/22 19:06,18.5,24,-2.4,18.5
2023/01/22 20:06,18.6,23,-2.9,18.6
2023/01/22 21:06,18.7,23,-2.8,18.7
2023/01/22 22:06,18.6,23,-2.9,18.6
2023/01/22 23:06,18.6,23,-2.9,18.6
2023/01/23 00:06,18.5,23,-3.0,18.5
2023/01/23 01:06,18.5,23,-3.0,18.5
2023/01/23 02:06,18.5,23,-3.0,18.5
2023/01/23 03:06,18.4,23,-3.1,18.4
2023/01/23 04:06,18.4,23,-3.1,18.4
2023/01/23 05:06,18.4,23,-3.1,18.4
2023/01/23 06:06,18.3,23,-3.2,18.3
2023/01/23 07:06,18.2,23,-3.3,18.2
2023/01/23 08:06,18.1,24,-2.8,18.1
2023/01/23 09:06,18.0,24,-2.9,18.0
2023/01/23 10:06,17.9,24,-2.9,17.9
2023/01/23 11:06,18.0,23,-3.4,18.0
2023/01/23 12:06,18.0,23,-3.4,18.0
2023/01/23 13:06,17.9,23,-3.5,17.9
2023/01/23 14:06,18.0,23,-3.4,18.0
2023/01/23 15:06,17.9,23,-3.5,17.9
2023/01/23 16:06,18.0,24,-2.9,18.0
2023/01/23 17:06,18.0,24,-2.9,18.0
2023/01/23 18:06,18.0,25,-2.3,18.0
2023/01/23 19:06,18.0,25,-2.3,18.0
2023/01/23 20:06,17.9,26,-1.9,17.9
2023/01/23 21:06,18.0,26,-1.8,18.0
2023/01/23 22:06,18.1,26,-1.7,18.1
2023/01/23 23:06,18.3,27,-1.0,18.3
2023/01/24 00:06,18.4,27,-0.9,18.4
2023/01/24 01:06,18.8,26,-1.1,18.8
2023/01/24 02:06,19.2,25,-1.3,19.2
2023/01/24 03:06,19.4,25,-1.1,19.4
2023/01/24 04:06,19.5,25,-1.0,19.5
2023/01/24 05:06,19.7,25,-0.9,19.7
2023/01/24 06:06,19.7,25,-0.9,19.7
2023/01/24 07:06,19.8,25,-0.8,19.8
2023/01/24 08:06,19.8,25,-0.8,19.8
2023/01/24 09:06,19.9,25,-0.7,19.9
2023/01/24 10:06,20.1,25,-0.5,20.1
2023/01/24 11:06,20.2,25,-0.4,20.2
2023/01/24 12:06,20.4,25,-0.3,20.4
2023/01/24 13:06,20.6,25,-0.1,20.6
2023/01/24 14:06,20.7,25,0.0,20.7
2023/01/24 15:06,21.0,25,0.2,21.0
2023/01/24 16:06,21.0,25,0.2,21.0
2023/01/24 17:06,21.0,25,0.2,21.0
2023/01/24 18:06,21.0,25,0.2,21.0
2023/01/24 19:06,20.9,25,0.2,20.9
2023/01/24 20:06,20.8,25,0.1,20.8
2023/01/24 21:06,20.9,25,0.2,20.9
2023/01/24 22:06,20.9,25,0.2,20.9
2023/01/24 23:06,20.8,25,0.1,20.8
2023/01/25 00:06,20.8,25,0.1,20.8
2023/01/25 01:06,20.7,25,0.0,20.7
2023/01/25 02:06,20.7,25,0.0,20.7
2023/01/25 03:06,20.6,25,-0.1,20.6
2023/01/25 04:06,20.6,25,-0.1,20.6
2023/01/25 05:06,20.6,25,-0.1,20.6
2023/01/25 06:06,20.7,25,0.0,20.7
2023/01/25 07:06,20.6,25,-0.1,20.6
2023/01/25 08:06,20.6,25,-0.1,20.6
2023/01/25 09:06,20.5,25,-0.2,20.5
2023/01/25 10:06,20.6,25,-0.1,20.6
2023/01/25 11:06,20.7,25,0.0,20.7
2023/01/25 12:06,20.8,25,0.1,20.8
2023/01/25 13:06,20.9,25,0.2,20.9
2023/01/25 14:06,21.0,25,0.2,21.0
2023/01/25 15:06,21.0,25,0.2,21.0
2023/01/25 16:06,21.0,25,0.2,21.0
2023/01/25 17:06,21.1,25,0.3,21.1
2023/01/25 18:06,21.1,25,0.3,21.1
2023/01/25 19:06,21.0,26,0.8,21.0
2023/01/25 20:06,21.0,26,0.8,21.0
2023/01/25 21:06,21.0,26,0.8,21.0
2023/01/25 22:06,21.0,26,0.8,21.0
2023/01/25 23:06,21.1,26,0.9,21.1
2023/01/26 00:06,21.1,27,1.4,21.1
2023/01/26 01:06,21.0,26,0.8,21.0
2023/01/26 02:06,21.0,26,0.8,21.0
2023/01/26 03:07,20.9,26,0.7,20.9
2023/01/26 04:07,20.9,26,0.7,20.9
2023/01/26 05:07,20.8,25,0.1,20.8
2023/01/26 06:07,20.7,25,0.0,20.7
2023/01/26 07:07,20.6,25,-0.1,20.6
2023/01/26 08:07,20.5,25,-0.2,20.5
2023/01/26 09:07,20.4,25,-0.3,20.4
2023/01/26 10:07,20.4,25,-0.3,20.4
2023/01/26 11:07,20.4,25,-0.3,20.4
2023/01/26 12:07,20.4,25,-0.3,20.4
2023/01/26 13:07,20.4,24,-0.8,20.4
2023/01/26 14:07,20.5,24,-0.7,20.5
2023/01/26 15:07,20.7,24,-0.6,20.7
2023/01/26 16:07,20.8,24,-0.5,20.8
2023/01/26 17:07,20.8,24,-0.5,20.8
2023/01/26 18:07,20.8,24,-0.5,20.8
2023/01/26 19:07,20.6,24,-0.7,20.6
2023/01/26 20:07,20.5,24,-0.7,20.5
2023/01/26 21:07,20.4,24,-0.8,20.4
2023/01/26 22:07,20.3,24,-0.9,20.3
2023/01/26 23:07,20.0,24,-1.2,20.0
2023/01/27 00:07,19.9,24,-1.2,19.9
2023/01/27 01:07,19.8,24,-1.3,19.8
2023/01/27 02:07,19.4,24,-1.7,19.4
2023/01/27 03:07,19.3,24,-1.8,19.3
2023/01/27 04:07,19.2,24,-1.8,19.2
2023/01/27 05:07,19.0,24,-2.0,19.0
2023/01/27 06:07,19.1,24,-1.9,19.1
2023/01/27 07:07,19.0,24,-2.0,19.0
2023/01/27 08:07,18.9,24,-2.1,18.9
2023/01/27 09:07,18.7,24,-2.3,18.7
2023/01/27 10:07,18.8,24,-2.2,18.8
2023/01/27 11:07,18.8,24,-2.2,18.8
2023/01/27 12:07,18.8,24,-2.2,18.8
2023/01/27 13:07,18.8,24,-2.2,18.8
2023/01/27 14:07,18.8,25,-1.6,18.8
2023/01/27 15:07,18.6,25,-1.8,18.6
2023/01/27 16:07,17.9,25,-2.4,17.9
2023/01/27 17:07,17.8,25,-2.5,17.8
2023/01/27 18:07,17.7,25,-2.6,17.7
2023/01/27 19:07,17.4,25,-2.8,17.4
2023/01/27 20:07,17.1,25,-3.1,17.1
2023/01/27 21:07,17.1,25,-3.1,17.1
2023/01/27 22:07,17.0,25,-3.2,17.0
2023/01/27 23:07,17.0,26,-2.6,17.0
2023/01/28 00:07,16.9,26,-2.7,16.9
2023/01/28 01:07,16.9,26,-2.7,16.9
2023/01/28 02:07,16.9,26,-2.7,16.9
2023/01/28 03:07,16.7,26,-2.9,16.7
2023/01/28 04:07,16.7,26,-2.9,16.7
2023/01/28 05:07,16.7,26,-2.9,16.7
2023/01/28 06:07,16.7,26,-2.9,16.7
2023/01/28 07:07,16.5,26,-3.1,16.5
2023/01/28 08:07,16.5,26,-3.1,16.5
2023/01/28 09:07,16.5,26,-3.1,16.5
2023/01/28 10:07,16.4,26,-3.1,16.4
2023/01/28 11:07,16.4,26,-3.1,16.4
2023/01/28 12:07,16.6,26,-3.0,16.6
2023/01/28 13:07,16.8,26,-2.8,16.8
2023/01/28 14:07,17.0,25,-3.2,17.0
2023/01/28 15:07,17.1,25,-3.1,17.1
2023/01/28 16:07,17.3,25,-2.9,17.3
2023/01/28 17:07,17.4,25,-2.8,17.4
2023/01/28 18:07,17.4,25,-2.8,17.4
2023/01/28 19:07,17.5,25,-2.7,17.5
2023/01/28 20:07,17.4,25,-2.8,17.4
2023/01/28 21:07,17.3,25,-2.9,17.3
2023/01/28 22:07,17.4,25,-2.8,17.4
2023/01/28 23:07,17.6,25,-2.6,17.6
2023/01/29 00:07,17.6,25,-2.6,17.6
2023/01/29 01:07,17.6,25,-2.6,17.6
2023/01/29 02:07,17.7,25,-2.6,17.7
2023/01/29 03:07,17.6,25,-2.6,17.6
2023/01/29 04:07,17.6,25,-2.6,17.6
2023/01/29 05:07,17.5,25,-2.7,17.5
2023/01/29 06:07,17.6,25,-2.6,17.6
2023/01/29 07:07,17.7,25,-2.6,17.7
2023/01/29 08:07,17.6,25,-2.6,17.6
2023/01/29 09:07,17.6,25,-2.6,17.6
2023/01/29 10:07,17.7,25,-2.6,17.7
2023/01/29 11:07,18.0,25,-2.3,18.0
2023/01/29 12:07,18.2,24,-2.7,18.2
2023/01/29 13:07,18.6,24,-2.3,18.6
2023/01/29 14:07,18.8,24,-2.2,18.8
2023/01/29 15:07,18.9,24,-2.1,18.9
2023/01/29 16:07,19.1,24,-1.9,19.1
2023/01/29 17:07,19.2,24,-1.8,19.2
2023/01/29 18:07,19.3,24,-1.8,19.3
2023/01/29 19:07,19.3,24,-1.8,19.3
2023/01/29 20:07,19.3,24,-1.8,19.3
2023/01/29 21:07,19.3,24,-1.8,19.3
2023/01/29 22:07,19.3,24,-1.8,19.3
2023/01/29 23:07,19.1,25,-1.4,19.1
2023/01/30 00:07,18.9,25,-1.5,18.9
2023/01/30 01:07,18.8,25,-1.6,18.8
2023/01/30 02:07,18.7,25,-1.7,18.7
2023/01/30 03:07,18.5,25,-1.9,18.5
2023/01/30 04:07,18.4,25,-2.0,18.4
2023/01/30 05:07,18.2,25,-2.1,18.2
2023/01/30 06:07,18.2,25,-2.1,18.2
2023/01/30 07:07,18.1,25,-2.2,18.1
2023/01/30 08:07,17.8,26,-1.9,17.8
2023/01/30 09:07,17.8,26,-1.9,17.8
2023/01/30 10:07,18.2,26,-1.6,18.2
2023/01/30 11:07,18.7,25,-1.7,18.7
2023/01/30 12:07,19.2,25,-1.3,19.2
2023/01/30 13:07,19.8,24,-1.3,19.8
2023/01/30 14:07,20.3,23,-1.5,20.3
2023/01/30 15:07,20.9,23,-1.0,20.9
2023/01/30 16:07,21.5,23,-0.5,21.5
2023/01/30 17:07,22.1,22,-0.6,22.1
2023/01/30 18:07,22.5,22,-0.3,22.5
2023/01/30 19:07,22.5,22,-0.3,22.5
2023/01/30 20:07,22.4,22,-0.3,22.4
2023/01/30 21:07,22.2,22,-0.5,22.2
2023/01/30 22:07,22.2,23,0.1,22.2
2023/01/30 23:07,22.0,23,-0.1,22.0
2023/01/31 00:07,21.9,23,-0.1,21.9
2023/01/31 01:07,21.7,23,-0.3,21.7
2023/01/31 02:07,21.5,23,-0.5,21.5
2023/01/31 03:07,21.4,23,-0.6,21.4
2023/01/31 04:07,21.1,23,-0.8,21.1
2023/01/31 05:07,21.0,23,-0.9,21.0
2023/01/31 06:07,20.9,23,-1.0,20.9
2023/01/31 07:07,20.7,23,-1.2,20.7
2023/01/31 08:07,20.6,23,-1.2,20.6
2023/01/31 09:07,20.7,23,-1.2,20.7
2023/01/31 10:07,21.3,23,-0.6,21.3
2023/01/31 11:07,21.9,23,-0.1,21.9
2023/01/31 12:07,22.6,24,1.0,22.6
2023/01/31 13:07,23.2,23,0.9,23.2
2023/01/31 14:07,23.8,23,1.5,23.8
2023/01/31 15:07,24.4,23,2.0,24.4
2023/01/31 16:07,24.8,22,1.7,24.8
2023/01/31 17:07,25.0,22,1.8,25.0
2023/01/31 18:07,25.0,22,1.8,25.0
2023/01/31 19:07,24.8,22,1.7,24.8
2023/01/31 20:07,24.7,23,2.2,24.7
2023/01/31 21:07,24.5,23,2.0,24.5
2023/01/31 22:07,24.3,23,1.9,24.3
2023/01/31 23:07,24.2,23,1.8,24.2
2023/02/01 00:07,23.9,23,1.5,23.9
2023/02/01 01:07,23.5,24,1.8,23.5
2023/02/01 02:07,23.1,23,0.9,23.1
2023/02/01 03:07,22.8,24,1.2,22.8
2023/02/01 04:07,22.5,23,0.4,22.5
2023/02/01 05:07,22.3,23,0.2,22.3
2023/02/01 06:07,22.0,23,-0.1,22.0
2023/02/01 07:07,21.8,23,-0.2,21.8
2023/02/01 08:07,21.6,23,-0.4,21.6
2023/02/01 09:07,21.6,23,-0.4,21.6
2023/02/01 10:07,22.0,23,-0.1,22.0
2023/02/01 11:07,22.6,24,1.0,22.6
2023/02/01 12:07,23.2,24,1.5,23.2
2023/02/01 13:07,23.6,24,1.9,23.6
2023/02/01 14:07,24.4,23,2.0,24.4
2023/02/01 15:07,25.0,23,2.5,25.0
2023/02/01 16:07,25.4,23,2.8,25.4
2023/02/01 17:07,25.6,22,2.3,25.6
2023/02/01 18:07,25.4,22,2.2,25.4
2023/02/01 19:07,25.3,21,1.4,25.3
2023/02/01 20:07,25.3,21,1.4,25.3
2023/02/01 21:07,25.2,21,1.4,25.2
2023/02/01 22:07,25.0,22,1.8,25.0
2023/02/01 23:07,24.9,22,1.8,24.9
2023/02/02 00:07,24.7,22,1.6,24.7
2023/02/02 01:07,24.6,22,1.5,24.6
2023/02/02 02:07,24.5,23,2.0,24.5
2023/02/02 03:07,24.3,23,1.9,24.3
2023/02/02 04:07,24.2,23,1.8,24.2
2023/02/02 05:07,23.9,23,1.5,23.9
2023/02/02 06:07,23.7,23,1.4,23.7
2023/02/02 07:07,23.6,23,1.3,23.6
2023/02/02 08:07,23.5,24,1.8,23.5
2023/02/02 09:07,23.5,24,1.8,23.5
2023/02/02 10:07,23.7,24,2.0,23.7
2023/02/02 11:07,24.3,24,2.5,24.3
2023/02/02 12:07,25.0,23,2.5,25.0
2023/02/02 13:07,25.2,23,2.6,25.2
2023/02/02 14:07,25.2,22,2.0,25.2
2023/02/02 15:07,25.4,22,2.2,25.4
2023/02/02 16:07,25.3,22,2.1,25.3
2023/02/02 17:07,25.5,22,2.3,25.5
2023/02/02 18:07,25.3,22,2.1,25.3
2023/02/02 19:07,25.2,22,2.0,25.2
2023/02/02 20:07,25.1,22,1.9,25.1
2023/02/02 21:07,24.8,22,1.7,24.8
2023/02/02 22:07,24.4,22,1.3,24.4
2023/02/02 23:07,24.0,22,1.0,24.0
2023/02/03 00:07,23.7,22,0.8,23.7
2023/02/03 01:07,23.3,22,0.4,23.3
2023/02/03 02:07,23.1,22,0.2,23.1
2023/02/03 03:07,23.0,23,0.8,23.0
2023/02/03 04:07,23.0,23,0.8,23.0
2023/02/03 05:07,22.8,23,0.6,22.8
2023/02/03 06:07,22.7,24,1.1,22.7
2023/02/03 07:07,22.5,24,1.0,22.5
2023/02/03 08:07,22.2,24,0.7,22.2
2023/02/03 09:07,22.3,24,0.8,22.3
2023/02/03 10:07,22.9,24,1.3,22.9
2023/02/03 11:07,23.5,24,1.8,23.5
2023/02/03 12:07,24.2,24,2.4,24.2
2023/02/03 13:07,24.8,24,2.9,24.8
2023/02/03 14:07,25.1,23,2.5,25.1
2023/02/03 15:07,25.4,23,2.8,25.4
2023/02/03 16:07,25.7,22,2.4,25.7
2023/02/03 17:07,25.8,22,2.5,25.8
2023/02/03 18:07,25.6,22,2.3,25.6
2023/02/03 19:07,25.4,23,2.8,25.4
2023/02/03 20:07,25.3,23,2.7,25.3
2023/02/03 21:07,25.0,23,2.5,25.0
2023/02/03 22:07,24.7,23,2.2,24.7
2023/02/03 23:07,24.3,23,1.9,24.3
2023/02/04 00:07,24.0,23,1.6,24.0
2023/02/04 01:07,23.6,23,1.3,23.6
2023/02/04 02:07,23.3,23,1.0,23.3
2023/02/04 03:07,23.0,23,0.8,23.0
2023/02/04 04:07,22.9,23,0.7,22.9
2023/02/04 05:07,22.8,24,1.2,22.8
2023/02/04 06:07,22.7,24,1.1,22.7
2023/02/04 07:07,22.7,24,1.1,22.7
2023/02/04 08:07,22.9,24,1.3,22.9
2023/02/04 09:07,23.1,25,2.0,23.1
2023/02/04 10:07,23.5,26,2.9,23.5
2023/02/04 11:07,24.0,26,3.3,24.0
2023/02/04 12:07,24.6,26,3.9,24.6
2023/02/04 13:07,24.8,27,4.6,24.8
2023/02/04 14:07,24.8,28,5.1,24.8
2023/02/04 15:07,25.0,28,5.3,25.0
2023/02/04 16:07,25.1,28,5.3,25.1
2023/02/04 17:07,25.3,27,5.0,25.3
2023/02/04 18:07,25.2,27,4.9,25.2
2023/02/04 19:07,25.0,27,4.7,25.0
2023/02/04 20:07,24.9,28,5.2,24.9
2023/02/04 21:07,24.8,28,5.1,24.8
2023/02/04 22:07,24.7,28,5.0,24.7
2023/02/04 23:07,24.7,28,5.0,24.7
2023/02/05 00:07,24.7,27,4.5,24.7
2023/02/05 01:07,24.5,27,4.3,24.5
2023/02/05 02:07,24.5,26,3.8,24.5
2023/02/05 03:07,24.3,25,3.0,24.3
2023/02/05 04:07,24.0,25,2.8,24.0
2023/02/05 05:07,23.6,25,2.5,23.6
2023/02/05 06:07,23.3,24,1.6,23.3
2023/02/05 07:07,23.0,24,1.4,23.0
2023/02/05 08:07,22.7,24,1.1,22.7
2023/02/05 09:07,22.9,24,1.3,22.9
2023/02/05 10:07,23.6,24,1.9,23.6
2023/02/05 11:07,24.2,24,2.4,24.2
2023/02/05 12:07,24.7,24,2.8,24.7
2023/02/05 13:07,25.0,24,3.1,25.0
2023/02/05 14:07,25.0,23,2.5,25.0
2023/02/05 15:07,25.3,23,2.7,25.3
2023/02/05 16:07,25.4,23,2.8,25.4
2023/02/05 17:07,25.4,23,2.8,25.4
2023/02/05 18:07,25.4,23,2.8,25.4
2023/02/05 19:07,25.3,24,3.3,25.3
2023/02/05 20:07,25.1,25,3.7,25.1
2023/02/05 21:07,25.0,26,4.2,25.0
2023/02/05 22:07,24.8,25,3.5,24.8
2023/02/05 23:07,24.5,25,3.2,24.5
2023/02/06 00:07,24.4,24,2.6,24.4
2023/02/06 01:07,24.0,24,2.2,24.0
2023/02/06 02:07,23.8,25,2.6,23.8
2023/02/06 03:07,23.5,25,2.4,23.5
2023/02/06 04:07,23.3,25,2.2,23.3
2023/02/06 05:07,23.1,25,2.0,23.1
2023/02/06 06:07,23.1,25,2.0,23.1
2023/02/06 07:07,23.1,24,1.5,23.1
2023/02/06 08:07,22.9,24,1.3,22.9
2023/02/06 09:07,23.0,24,1.4,23.0
2023/02/06 10:07,23.0,24,1.4,23.0
2023/02/06 11:07,23.2,24,1.5,23.2
2023/02/06 12:07,23.5,24,1.8,23.5
2023/02/06 13:07,23.8,23,1.5,23.8
2023/02/06 14:07,24.0,23,1.6,24.0
2023/02/06 15:07,24.2,22,1.2,24.2
2023/02/06 16:07,24.4,22,1.3,24.4
2023/02/06 17:07,24.4,22,1.3,24.4
2023/02/06 18:07,24.3,21,0.6,24.3
2023/02/06 19:07,24.2,21,0.5,24.2
2023/02/06 20:07,23.9,20,-0.4,23.9
2023/02/06 21:07,23.9,20,-0.4,23.9
2023/02/06 22:07,23.7,20,-0.6,23.7
2023/02/06 23:07,23.4,20,-0.8,23.4
2023/02/07 00:07,23.3,19,-1.6,23.3
2023/02/07 01:07,23.1,20,-1.1,23.1
2023/02/07 02:07,22.9,19,-1.9,22.9
2023/02/07 03:07,22.7,20,-1.4,22.7
2023/02/07 04:07,22.8,20,-1.3,22.8
2023/02/07 05:07,22.8,20,-1.3,22.8
2023/02/07 06:07,22.6,20,-1.5,22.6
2023/02/07 07:07,22.4,20,-1.6,22.4
2023/02/07 08:07,22.3,20,-1.7,22.3
2023/02/07 09:07,22.6,20,-1.5,22.6
2023/02/07 10:07,23.1,20,-1.1,23.1
2023/02/07 11:07,23.5,20,-0.7,23.5
2023/02/07 12:07,23.8,20,-0.5,23.8
2023/02/07 13:07,24.2,20,-0.1,24.2
2023/02/07 14:07,24.6,20,0.2,24.6
2023/02/07 15:07,24.9,20,0.4,24.9
2023/02/07 16:07,25.1,19,-0.1,25.1
2023/02/07 17:07,25.0,19,-0.2,25.0
2023/02/07 18:07,24.8,20,0.3,24.8
2023/02/07 19:07,24.5,20,0.1,24.5
2023/02/07 20:07,24.1,20,-0.2,24.1
2023/02/07 21:07,23.7,20,-0.6,23.7
2023/02/07 22:07,23.4,20,-0.8,23.4
2023/02/07 23:07,23.1,20,-1.1,23.1
2023/02/08 00:07,22.8,20,-1.3,22.8
2023/02/08 01:07,22.5,20,-1.6,22.5
2023/02/08 02:07,22.3,20,-1.7,22.3
2023/02/08 03:07,22.1,20,-1.9,22.1
2023/02/08 04:07,22.1,21,-1.2,22.1
2023/02/08 05:07,22.0,21,-1.3,22.0
2023/02/08 06:07,21.9,21,-1.4,21.9
2023/02/08 07:07,21.8,21,-1.5,21.8
2023/02/08 08:07,21.7,21,-1.6,21.7
2023/02/08 09:07,21.9,21,-1.4,21.9
2023/02/08 10:07,21.9,21,-1.4,21.9
2023/02/08 11:07,22.2,21,-1.1,22.2
2023/02/08 12:07,22.8,20,-1.3,22.8
2023/02/08 13:07,23.3,20,-0.9,23.3
2023/02/08 14:07,23.9,20,-0.4,23.9
2023/02/08 15:07,24.4,19,-0.7,24.4
2023/02/08 16:07,24.8,19,-0.4,24.8
2023/02/08 17:07,24.9,19,-0.3,24.9
2023/02/08 18:07,24.6,19,-0.5,24.6
2023/02/08 19:07,24.4,20,0.0,24.4
2023/02/08 20:07,24.1,20,-0.2,24.1
2023/02/08 21:07,23.8,20,-0.5,23.8
2023/02/08 22:07,23.2,20,-1.0,23.2
2023/02/08 23:07,23.0,20,-1.1,23.0
2023/02/09 00:07,22.7,20,-1.4,22.7
2023/02/09 01:07,22.5,20,-1.6,22.5
2023/02/09 02:07,22.3,20,-1.7,22.3
2023/02/09 03:07,22.0,20,-2.0,22.0
2023/02/09 04:07,21.8,20,-2.1,21.8
2023/02/09 05:07,21.7,20,-2.2,21.7
2023/02/09 06:07,21.5,20,-2.4,21.5
2023/02/09 07:07,21.3,20,-2.5,21.3
2023/02/09 08:07,21.1,20,-2.7,21.1
2023/02/09 09:07,21.2,20,-2.6,21.2
2023/02/09 10:07,21.6,20,-2.3,21.6
2023/02/09 11:07,22.2,21,-1.1,22.2
2023/02/09 12:07,22.7,21,-0.7,22.7
2023/02/09 13:07,23.2,21,-0.3,23.2
2023/02/09 14:07,23.8,20,-0.5,23.8
2023/02/09 15:07,24.4,20,0.0,24.4
2023/02/09 16:07,24.7,20,0.3,24.7
2023/02/09 17:07,25.0,19,-0.2,25.0
2023/02/09 18:07,24.9,20,0.4,24.9
2023/02/09 19:07,24.6,20,0.2,24.6
2023/02/09 20:07,24.2,20,-0.1,24.2
2023/02/09 21:07,23.8,21,0.2,23.8
2023/02/09 22:07,23.3,20,-0.9,23.3
2023/02/09 23:07,22.9,20,-1.2,22.9
2023/02/10 00:07,22.5,21,-0.9,22.5
2023/02/10 01:07,22.3,21,-1.1,22.3
2023/02/10 02:07,21.9,21,-1.4,21.9
2023/02/10 03:07,21.7,21,-1.6,21.7
2023/02/10 04:07,21.5,21,-1.7,21.5
2023/02/10 05:07,21.2,21,-2.0,21.2
2023/02/10 06:07,21.0,21,-2.1,21.0
2023/02/10 07:07,20.8,21,-2.3,20.8
2023/02/10 08:07,20.5,21,-2.6,20.5
2023/02/10 09:07,20.7,21,-2.4,20.7
2023/02/10 10:07,21.4,21,-1.8,21.4
2023/02/10 11:07,22.1,21,-1.2,22.1
2023/02/10 12:07,22.7,21,-0.7,22.7
2023/02/10 13:07,23.3,21,-0.2,23.3
2023/02/10 14:07,23.9,21,0.3,23.9
2023/02/10 15:07,24.3,21,0.6,24.3
2023/02/10 16:07,24.8,20,0.3,24.8
2023/02/10 17:07,25.0,20,0.5,25.0
2023/02/10 18:07,24.9,20,0.4,24.9
2023/02/10 19:07,24.6,19,-0.5,24.6
2023/02/10 20:07,24.3,20,-0.1,24.3
2023/02/10 21:07,23.9,20,-0.4,23.9
2023/02/10 22:07,23.5,21,-0.1,23.5
2023/02/10 23:07,23.1,21,-0.4,23.1
2023/02/11 00:07,22.8,21,-0.6,22.8
2023/02/11 01:07,22.5,21,-0.9,22.5
2023/02/11 02:08,22.2,21,-1.1,22.2
2023/02/11 03:08,22.0,20,-2.0,22.0
2023/02/11 04:08,21.7,20,-2.2,21.7
2023/02/11 05:08,21.5,20,-2.4,21.5
2023/02/11 06:08,21.3,20,-2.5,21.3
2023/02/11 07:08,21.1,20,-2.7,21.1
2023/02/11 08:08,20.9,20,-2.9,20.9
2023/02/11 09:08,21.1,21,-2.1,21.1
2023/02/11 10:08,21.6,21,-1.6,21.6
2023/02/11 11:08,22.3,21,-1.1,22.3
2023/02/11 12:08,23.0,21,-0.5,23.0
2023/02/11 13:08,23.5,21,-0.1,23.5
2023/02/11 14:08,24.2,20,-0.1,24.2
2023/02/11 15:08,24.7,19,-0.4,24.7
2023/02/11 16:08,25.2,19,0.0,25.2
2023/02/11 17:08,25.3,19,0.0,25.3
2023/02/11 18:08,25.2,20,0.7,25.2
2023/02/11 19:08,25.0,20,0.5,25.0
2023/02/11 20:08,24.8,20,0.3,24.8
2023/02/11 21:08,24.4,20,0.0,24.4
2023/02/11 22:08,24.0,20,-0.3,24.0
2023/02/11 23:08,23.6,20,-0.6,23.6
2023/02/12 00:08,23.3,20,-0.9,23.3
2023/02/12 01:08,23.0,20,-1.1,23.0
2023/02/12 02:08,22.7,20,-1.4,22.7
2023/02/12 03:08,22.5,21,-0.9,22.5
2023/02/12 04:08,22.3,21,-1.1,22.3
2023/02/12 05:08,22.1,21,-1.2,22.1
2023/02/12 06:08,21.9,21,-1.4,21.9
2023/02/12 07:08,21.7,21,-1.6,21.7
2023/02/12 08:08,21.5,21,-1.7,21.5
2023/02/12 09:08,21.8,21,-1.5,21.8
2023/02/12 10:08,22.4,21,-1.0,22.4
2023/02/12 11:08,23.3,22,0.4,23.3
2023/02/12 12:08,23.8,22,0.8,23.8
2023/02/12 13:08,24.3,21,0.6,24.3
2023/02/12 14:08,24.7,22,1.6,24.7
2023/02/12 15:08,25.0,21,1.2,25.0
2023/02/12 16:08,25.4,21,1.5,25.4
2023/02/12 17:08,25.5,21,1.6,25.5
2023/02/12 18:08,25.3,21,1.4,25.3
2023/02/12 19:08,25.2,22,2.0,25.2
2023/02/12 20:08,25.0,22,1.8,25.0
2023/02/12 21:08,24.7,22,1.6,24.7
2023/02/12 22:08,24.4,22,1.3,24.4
2023/02/12 23:08,24.0,22,1.0,24.0
2023/02/13 00:08,23.7,22,0.8,23.7
2023/02/13 01:08,23.4,22,0.5,23.4
2023/02/13 02:08,23.2,22,0.3,23.2
2023/02/13 03:08,22.9,22,0.1,22.9
2023/02/13 04:08,22.7,22,-0.1,22.7
2023/02/13 05:08,22.5,22,-0.3,22.5
2023/02/13 06:08,22.3,22,-0.4,22.3
2023/02/13 07:08,22.1,22,-0.6,22.1
2023/02/13 08:08,21.9,22,-0.8,21.9
2023/02/13 09:08,22.1,22,-0.6,22.1
2023/02/13 10:08,22.7,22,-0.1,22.7
2023/02/13 11:08,23.4,23,1.1,23.4
2023/02/13 12:08,24.1,23,1.7,24.1
2023/02/13 13:08,24.7,23,2.2,24.7
2023/02/13 14:08,25.2,23,2.6,25.2
2023/02/13 15:08,25.4,24,3.4,25.4
2023/02/13 16:08,25.5,24,3.5,25.5
2023/02/13 17:08,25.7,24,3.6,25.7
2023/02/13 18:08,25.6,24,3.6,25.6
2023/02/13 19:08,25.5,25,4.1,25.5
2023/02/13 20:08,25.4,24,3.4,25.4
2023/02/13 21:08,25.1,24,3.1,25.1
2023/02/13 22:08,24.8,24,2.9,24.8
2023/02/13 23:08,24.4,24,2.6,24.4
2023/02/14 00:08,24.0,24,2.2,24.0
2023/02/14 01:08,23.8,23,1.5,23.8
2023/02/14 02:08,23.4,23,1.1,23.4
2023/02/14 03:08,23.2,23,0.9,23.2
2023/02/14 04:08,23.0,23,0.8,23.0
2023/02/14 05:08,22.7,23,0.5,22.7
2023/02/14 06:08,22.5,23,0.4,22.5
2023/02/14 07:08,22.3,23,0.2,22.3
2023/02/14 08:08,22.1,23,0.0,22.1
2023/02/14 09:08,22.4,23,0.3,22.4
2023/02/14 10:08,22.9,23,0.7,22.9
2023/02/14 11:08,23.6,24,1.9,23.6
2023/02/14 12:08,24.4,24,2.6,24.4
2023/02/14 13:08,24.9,24,3.0,24.9
2023/02/14 14:08,25.2,24,3.2,25.2
2023/02/14 15:08,25.5,23,2.9,25.5
2023/02/14 16:08,25.6,23,3.0,25.6
2023/02/14 17:08,25.7,24,3.6,25.7
2023/02/14 18:08,25.6,24,3.6,25.6
2023/02/14 19:08,25.6,24,3.6,25.6
2023/02/14 20:08,25.5,24,3.5,25.5
2023/02/14 21:08,25.4,24,3.4,25.4
2023/02/14 22:08,25.0,24,3.1,25.0
2023/02/14 23:08,24.8,23,2.3,24.8
2023/02/15 00:08,24.4,23,2.0,24.4
2023/02/15 01:08,24.1,23,1.7,24.1
2023/02/15 02:08,23.8,23,1.5,23.8
2023/02/15 03:08,23.5,23,1.2,23.5
2023/02/15 04:08,23.3,23,1.0,23.3
2023/02/15 05:08,23.0,23,0.8,23.0
2023/02/15 06:08,22.8,23,0.6,22.8
2023/02/15 07:08,22.6,23,0.4,22.6
2023/02/15 08:08,22.5,23,0.4,22.5
2023/02/15 09:08,22.7,22,-0.1,22.7
2023/02/15 10:08,23.2,23,0.9,23.2
2023/02/15 11:08,23.9,24,2.1,23.9
2023/02/15 12:08,24.7,24,2.8,24.7
2023/02/15 13:08,25.1,23,2.5,25.1
2023/02/15 14:08,25.4,23,2.8,25.4
2023/02/15 15:08,25.6,23,3.0,25.6
2023/02/15 16:08,25.7,23,3.0,25.7
2023/02/15 17:08,25.6,23,3.0,25.6
2023/02/15 18:08,25.7,23,3.0,25.7
2023/02/15 19:08,25.6,23,3.0,25.6
2023/02/15 20:08,25.5,24,3.5,25.5
2023/02/15 21:08,25.5,24,3.5,25.5
2023/02/15 22:08,25.3,23,2.7,25.3
2023/02/15 23:08,25.0,23,2.5,25.0
2023/02/16 00:08,24.7,23,2.2,24.7
2023/02/16 01:08,24.3,23,1.9,24.3
2023/02/16 02:08,24.1,22,1.1,24.1
2023/02/16 03:08,23.7,22,0.8,23.7
2023/02/16 04:08,23.4,22,0.5,23.4
2023/02/16 05:08,23.2,22,0.3,23.2
2023/02/16 06:08,23.0,22,0.2,23.0
2023/02/16 07:08,22.8,22,0.0,22.8
2023/02/16 08:08,22.5,22,-0.3,22.5
2023/02/16 09:08,22.9,22,0.1,22.9
2023/02/16 10:08,23.5,22,0.6,23.5
2023/02/16 11:08,24.4,23,2.0,24.4
2023/02/16 12:08,25.0,23,2.5,25.0
2023/02/16 13:08,25.2,23,2.6,25.2
2023/02/16 14:08,25.4,22,2.2,25.4
2023/02/16 15:08,25.6,22,2.3,25.6
2023/02/16 16:08,25.8,22,2.5,25.8
2023/02/16 17:08,25.8,22,2.5,25.8
2023/02/16 18:08,25.8,22,2.5,25.8
2023/02/16 19:08,25.7,23,3.0,25.7
2023/02/16 20:08,25.6,23,3.0,25.6
2023/02/16 21:08,25.5,23,2.9,25.5
2023/02/16 22:08,25.3,23,2.7,25.3
2023/02/16 23:08,25.0,23,2.5,25.0
2023/02/17 00:08,24.6,23,2.1,24.6
2023/02/17 01:08,24.3,23,1.9,24.3
2023/02/17 02:08,24.1,23,1.7,24.1
2023/02/17 03:08,24.0,23,1.6,24.0
2023/02/17 04:08,23.9,23,1.5,23.9
2023/02/17 05:08,23.7,24,2.0,23.7
2023/02/17 06:08,23.7,24,2.0,23.7
2023/02/17 07:08,23.6,24,1.9,23.6
2023/02/17 08:08,23.5,24,1.8,23.5
2023/02/17 09:08,24.0,24,2.2,24.0
2023/02/17 10:08,24.6,24,2.7,24.6
2023/02/17 11:08,24.9,24,3.0,24.9
2023/02/17 12:08,25.4,24,3.4,25.4
2023/02/17 13:08,25.5,24,3.5,25.5
2023/02/17 14:08,25.7,25,4.2,25.7
2023/02/17 15:08,25.9,25,4.4,25.9
2023/02/17 16:08,25.9,26,5.0,25.9
2023/02/17 17:08,26.0,27,5.6,26.0
2023/02/17 18:08,25.9,28,6.0,25.9
2023/02/17 19:08,25.9,27,5.5,25.9
2023/02/17 20:08,25.9,26,5.0,25.9
2023/02/17 21:08,25.9,27,5.5,25.9
2023/02/17 22:08,25.8,27,5.4,25.8
2023/02/17 23:08,25.7,27,5.3,25.7
2023/02/18 00:08,25.7,28,5.9,25.7
2023/02/18 01:08,25.6,28,5.8,25.6
2023/02/18 02:08,25.3,28,5.5,25.3
2023/02/18 03:08,25.1,28,5.3,25.1
2023/02/18 04:08,24.9,28,5.2,24.9
2023/02/18 05:08,24.8,28,5.1,24.8
2023/02/18 06:08,24.5,28,4.8,24.5
2023/02/18 07:08,24.4,28,4.7,24.4
2023/02/18 08:08,24.5,29,5.3,24.5
2023/02/18 09:08,24.6,29,5.4,24.6
2023/02/18 10:08,25.2,29,5.9,25.2
2023/02/18 11:08,25.6,30,6.8,25.6
2023/02/18 12:08,25.7,30,6.9,25.7
2023/02/18 13:08,25.8,31,7.4,25.8
2023/02/18 14:08,25.9,30,7.0,25.9
2023/02/18 15:08,26.1,31,7.7,26.1
2023/02/18 16:08,26.1,30,7.2,26.1
2023/02/18 17:08,26.1,30,7.2,26.1
2023/02/18 18:08,26.1,30,7.2,26.1
2023/02/18 19:08,26.0,30,7.1,26.0
2023/02/18 20:08,26.0,30,7.1,26.0
2023/02/18 21:08,25.9,30,7.0,25.9
2023/02/18 22:08,25.7,29,6.4,25.7
2023/02/18 23:08,25.6,29,6.3,25.6
2023/02/19 00:08,25.3,28,5.5,25.3
2023/02/19 01:08,25.1,28,5.3,25.1
2023/02/19 02:08,24.8,28,5.1,24.8
2023/02/19 03:08,24.6,28,4.9,24.6
2023/02/19 04:08,24.3,27,4.1,24.3
2023/02/19 05:08,24.2,28,4.6,24.2
2023/02/19 06:08,24.0,28,4.4,24.0
2023/02/19 07:08,23.9,28,4.3,23.9
2023/02/19 08:08,23.8,28,4.2,23.8
2023/02/19 09:08,23.9,28,4.3,23.9
2023/02/19 10:08,24.7,28,5.0,24.7
2023/02/19 11:08,25.3,29,6.0,25.3
2023/02/19 12:08,25.5,28,5.7,25.5
2023/02/19 13:08,25.6,28,5.8,25.6
2023/02/19 14:08,25.7,28,5.9,25.7
2023/02/19 15:08,25.9,28,6.0,25.9
2023/02/19 16:08,26.0,29,6.6,26.0
2023/02/19 17:08,26.1,28,6.2,26.1
2023/02/19 18:08,26.0,28,6.1,26.0
2023/02/19 19:08,26.0,28,6.1,26.0
2023/02/19 20:08,25.8,27,5.4,25.8
2023/02/19 21:08,25.7,27,5.3,25.7
2023/02/19 22:08,25.6,27,5.2,25.6
2023/02/19 23:08,25.4,27,5.1,25.4
2023/02/20 00:08,25.2,27,4.9,25.2
2023/02/20 01:08,24.9,27,4.6,24.9
2023/02/20 02:08,24.6,27,4.4,24.6
2023/02/20 03:08,24.3,27,4.1,24.3
2023/02/20 04:08,23.9,26,3.3,23.9
2023/02/20 05:08,23.7,26,3.1,23.7
2023/02/20 06:08,23.5,26,2.9,23.5
2023/02/20 07:08,23.2,26,2.7,23.2
2023/02/20 08:08,23.1,26,2.6,23.1
2023/02/20 09:08,23.9,26,3.3,23.9
2023/02/20 10:08,24.7,26,3.9,24.7
2023/02/20 11:08,25.1,26,4.3,25.1
2023/02/20 12:08,25.4,26,4.5,25.4
2023/02/20 13:08,25.6,26,4.7,25.6
2023/02/20 14:08,25.8,26,4.9,25.8
2023/02/20 15:08,26.0,26,5.0,26.0
2023/02/20 16:08,26.1,26,5.1,26.1
2023/02/20 17:08,26.1,26,5.1,26.1
2023/02/20 18:08,26.0,26,5.0,26.0
2023/02/20 19:08,26.0,26,5.0,26.0
2023/02/20 20:08,25.9,27,5.5,25.9
2023/02/20 21:08,25.8,27,5.4,25.8
2023/02/20 22:08,25.7,27,5.3,25.7
2023/02/20 23:08,25.4,27,5.1,25.4
2023/02/21 00:08,25.2,26,4.4,25.2
2023/02/21 01:08,24.9,26,4.1,24.9
2023/02/21 02:08,24.5,26,3.8,24.5
2023/02/21 03:08,24.3,26,3.6,24.3
2023/02/21 04:08,24.0,26,3.3,24.0
2023/02/21 05:08,23.7,26,3.1,23.7
2023/02/21 06:08,23.4,26,2.8,23.4
2023/02/21 07:08,23.2,26,2.7,23.2
2023/02/21 08:08,23.4,25,2.3,23.4
2023/02/21 09:08,23.9,25,2.7,23.9
2023/02/21 10:08,24.6,26,3.9,24.6
2023/02/21 11:08,24.2,27,4.1,24.2
2023/02/21 12:08,24.6,27,4.4,24.6
2023/02/21 13:08,25.2,27,4.9,25.2
2023/02/21 14:08,25.5,27,5.2,25.5
2023/02/21 15:08,25.7,27,5.3,25.7
2023/02/21 16:08,25.9,27,5.5,25.9
2023/02/21 17:08,25.9,27,5.5,25.9
2023/02/21 18:08,25.9,27,5.5,25.9
2023/02/21 19:08,25.8,27,5.4,25.8
2023/02/21 20:08,25.7,28,5.9,25.7
2023/02/21 21:08,25.7,28,5.9,25.7
2023/02/21 22:08,25.6,27,5.2,25.6
2023/02/21 23:08,25.4,27,5.1,25.4
2023/02/22 00:08,25.2,26,4.4,25.2
2023/02/22 01:08,25.2,26,4.4,25.2
2023/02/22 02:08,25.0,26,4.2,25.0
2023/02/22 03:08,24.8,25,3.5,24.8
2023/02/22 04:08,24.8,26,4.0,24.8
2023/02/22 05:08,24.7,26,3.9,24.7
2023/02/22 06:08,24.7,27,4.5,24.7
2023/02/22 07:08,24.6,27,4.4,24.6
2023/02/22 08:08,24.6,27,4.4,24.6
2023/02/22 09:08,24.9,28,5.2,24.9
2023/02/22 10:08,25.1,29,5.8,25.1
2023/02/22 11:08,25.3,29,6.0,25.3
2023/02/22 12:08,25.5,30,6.7,25.5
2023/02/22 13:08,25.6,30,6.8,25.6
2023/02/22 14:08,25.8,31,7.4,25.8
2023/02/22 15:08,25.8,31,7.4,25.8
2023/02/22 16:08,25.8,31,7.4,25.8
2023/02/22 17:08,25.9,32,8.0,25.9
2023/02/22 18:08,25.8,32,7.9,25.8
2023/02/22 19:08,25.8,32,7.9,25.8
2023/02/22 20:08,25.7,32,7.8,25.7
2023/02/22 21:08,25.7,32,7.8,25.7
2023/02/22 22:08,25.7,32,7.8,25.7
2023/02/22 23:08,25.5,32,7.6,25.5
2023/02/23 00:08,25.5,32,7.6,25.5
2023/02/23 01:08,25.5,32,7.6,25.5
2023/02/23 02:09,25.5,32,7.6,25.5
2023/02/23 03:09,25.5,32,7.6,25.5
2023/02/23 04:09,25.4,32,7.5,25.4
2023/02/23 05:09,25.4,32,7.5,25.4
2023/02/23 06:09,25.4,32,7.5,25.4
2023/02/23 07:09,25.4,32,7.5,25.4
2023/02/23 08:09,25.4,32,7.5,25.4
2023/02/23 09:09,25.4,32,7.5,25.4
2023/02/23 10:09,25.6,33,8.2,25.6
2023/02/23 11:09,25.8,32,7.9,25.8
2023/02/23 12:09,26.0,32,8.1,26.0
2023/02/23 13:09,26.1,32,8.2,26.1
2023/02/23 14:09,26.2,32,8.2,26.2
2023/02/23 15:09,26.2,31,7.8,26.2
2023/02/23 16:09,26.3,31,7.9,26.3
2023/02/23 17:09,26.2,30,7.3,26.2
2023/02/23 18:09,26.1,30,7.2,26.1
2023/02/23 19:09,26.0,30,7.1,26.0
2023/02/23 20:09,25.9,30,7.0,25.9
2023/02/23 21:09,25.9,30,7.0,25.9
2023/02/23 22:09,25.8,31,7.4,25.8
2023/02/23 23:09,25.7,31,7.3,25.7
2023/02/24 00:09,25.8,31,7.4,25.8
2023/02/24 01:09,25.6,31,7.3,25.6
2023/02/24 02:09,25.5,31,7.2,25.5
2023/02/24 03:09,25.5,30,6.7,25.5
2023/02/24 04:09,25.4,30,6.6,25.4
2023/02/24 05:09,25.2,30,6.4,25.2
2023/02/24 06:09,25.1,29,5.8,25.1
2023/02/24 07:09,24.9,29,5.7,24.9
2023/02/24 08:09,24.7,29,5.5,24.7
2023/02/24 09:09,24.9,29,5.7,24.9
2023/02/24 10:09,25.4,29,6.1,25.4
2023/02/24 11:09,25.8,30,6.9,25.8
2023/02/24 12:09,25.9,30,7.0,25.9
2023/02/24 13:09,26.0,30,7.1,26.0
2023/02/24 14:09,26.1,29,6.7,26.1
2023/02/24 15:09,26.2,29,6.8,26.2
2023/02/24 16:09,26.1,28,6.2,26.1
2023/02/24 17:09,26.0,27,5.6,26.0
2023/02/24 18:09,26.0,28,6.1,26.0
2023/02/24 19:09,26.0,28,6.1,26.0
2023/02/24 20:09,25.9,29,6.5,25.9
2023/02/24 21:09,25.7,29,6.4,25.7
2023/02/24 22:09,25.6,29,6.3,25.6
2023/02/24 23:09,25.5,29,6.2,25.5
2023/02/25 00:09,25.5,29,6.2,25.5
2023/02/25 01:09,25.5,28,5.7,25.5
2023/02/25 02:09,25.4,29,6.1,25.4
2023/02/25 03:09,25.5,29,6.2,25.5
2023/02/25 04:09,25.4,29,6.1,25.4
2023/02/25 05:09,25.3,29,6.0,25.3
2023/02/25 06:09,25.3,29,6.0,25.3
2023/02/25 07:09,25.2,29,5.9,25.2
2023/02/25 08:09,25.1,29,5.8,25.1
2023/02/25 09:09,25.1,29,5.8,25.1
2023/02/25 10:09,25.5,29,6.2,25.5
2023/02/25 11:09,25.6,28,5.8,25.6
2023/02/25 12:09,25.6,27,5.2,25.6
2023/02/25 13:09,25.6,26,4.7,25.6
2023/02/25 14:09,25.7,25,4.2,25.7
2023/02/25 15:09,25.8,25,4.3,25.8
2023/02/25 16:09,25.8,25,4.3,25.8
2023/02/25 17:09,25.4,25,4.0,25.4
2023/02/25 18:09,25.3,24,3.3,25.3
2023/02/25 19:09,25.2,24,3.2,25.2
2023/02/25 20:09,24.8,24,2.9,24.8
2023/02/25 21:09,24.8,24,2.9,24.8
2023/02/25 22:09,24.2,24,2.4,24.2
2023/02/25 23:09,23.9,23,1.5,23.9
2023/02/26 00:09,23.4,22,0.5,23.4
2023/02/26 01:09,22.9,21,-0.6,22.9
2023/02/26 02:09,22.4,20,-1.6,22.4
2023/02/26 03:09,22.0,20,-2.0,22.0
2023/02/26 04:09,21.7,21,-1.6,21.7
2023/02/26 05:09,21.6,22,-1.0,21.6
2023/02/26 06:09,21.2,22,-1.3,21.2
2023/02/26 07:09,21.1,21,-2.1,21.1
2023/02/26 08:09,20.5,21,-2.6,20.5
2023/02/26 09:09,20.2,20,-3.5,20.2
2023/02/26 10:09,19.9,19,-4.4,19.9
2023/02/26 11:09,19.3,18,-5.6,19.3
2023/02/26 12:09,19.4,18,-5.5,19.4
2023/02/26 13:09,19.3,18,-5.6,19.3
2023/02/26 14:09,19.1,17,-6.5,19.1
2023/02/26 15:09,19.1,17,-6.5,19.1
2023/02/26 16:09,19.4,16,-7.1,19.4
2023/02/26 17:09,18.8,17,-6.8,18.8
2023/02/26 18:09,18.6,17,-6.9,18.6
2023/02/26 19:09,18.2,18,-6.5,18.2
2023/02/26 20:09,18.1,18,-6.6,18.1
2023/02/26 21:09,18.1,20,-5.2,18.1
2023/02/26 22:09,18.1,20,-5.2,18.1
2023/02/26 23:09,18.2,20,-5.1,18.2
2023/02/27 00:09,18.6,20,-4.8,18.6
2023/02/27 01:09,18.7,20,-4.7,18.7
2023/02/27 02:09,18.8,20,-4.6,18.8
2023/02/27 03:09,19.0,20,-4.5,19.0
2023/02/27 04:09,19.2,20,-4.3,19.2
2023/02/27 05:09,19.4,20,-4.1,19.4
2023/02/27 06:09,19.5,20,-4.0,19.5
2023/02/27 07:09,19.6,20,-4.0,19.6
2023/02/27 08:09,19.7,20,-3.9,19.7
2023/02/27 09:09,20.0,20,-3.6,20.0
2023/02/27 10:09,20.3,20,-3.4,20.3
2023/02/27 11:09,20.7,20,-3.0,20.7
2023/02/27 12:09,21.4,20,-2.5,21.4
2023/02/27 13:09,21.9,19,-2.7,21.9
2023/02/27 14:09,22.3,19,-2.4,22.3
2023/02/27 15:09,22.5,19,-2.3,22.5
2023/02/27 16:09,22.8,19,-2.0,22.8
2023/02/27 17:09,23.0,19,-1.8,23.0
2023/02/27 18:09,22.7,19,-2.1,22.7
2023/02/27 19:09,22.4,19,-2.3,22.4
2023/02/27 20:09,22.3,20,-1.7,22.3
2023/02/27 21:09,22.0,20,-2.0,22.0
2023/02/27 22:09,22.0,20,-2.0,22.0
2023/02/27 23:09,21.8,20,-2.1,21.8
2023/02/28 00:09,21.6,21,-1.6,21.6
2023/02/28 01:09,21.7,20,-2.2,21.7
2023/02/28 02:09,21.7,21,-1.6,21.7
2023/02/28 03:09,21.7,20,-2.2,21.7
2023/02/28 04:09,21.8,21,-1.5,21.8
2023/02/28 05:09,21.8,21,-1.5,21.8
2023/02/28 06:09,21.8,21,-1.5,21.8
2023/02/28 07:09,21.8,21,-1.5,21.8
2023/02/28 08:09,22.0,21,-1.3,22.0
2023/02/28 09:09,22.0,21,-1.3,22.0
2023/02/28 10:09,21.9,21,-1.4,21.9
2023/02/28 11:09,22.2,21,-1.1,22.2
2023/02/28 12:09,22.2,21,-1.1,22.2
2023/02/28 13:09,22.4,21,-1.0,22.4
2023/02/28 14:09,23.4,20,-0.8,23.4
2023/02/28 15:09,23.8,20,-0.5,23.8
2023/02/28 16:09,24.1,20,-0.2,24.1
2023/02/28 17:09,24.1,20,-0.2,24.1
2023/02/28 18:09,23.9,20,-0.4,23.9
2023/02/28 19:09,23.6,20,-0.6,23.6
2023/02/28 20:09,23.2,20,-1.0,23.2
2023/02/28 21:09,22.8,20,-1.3,22.8
2023/02/28 22:09,22.7,20,-1.4,22.7
2023/02/28 23:09,22.6,20,-1.5,22.6
2023/03/01 00:09,22.4,21,-1.0,22.4
2023/03/01 01:09,22.3,21,-1.1,22.3
2023/03/01 02:09,22.3,21,-1.1,22.3
2023/03/01 03:09,22.0,21,-1.3,22.0
2023/03/01 04:09,22.0,21,-1.3,22.0
2023/03/01 05:09,21.9,21,-1.4,21.9
2023/03/01 06:09,21.8,21,-1.5,21.8
2023/03/01 07:09,21.8,21,-1.5,21.8
2023/03/01 08:09,21.6,21,-1.6,21.6
2023/03/01 09:09,21.7,21,-1.6,21.7
2023/03/01 10:09,21.8,21,-1.5,21.8
2023/03/01 11:09,21.9,21,-1.4,21.9
2023/03/01 12:09,22.1,21,-1.2,22.1
2023/03/01 13:09,22.4,21,-1.0,22.4
2023/03/01 14:09,22.6,21,-0.8,22.6
2023/03/01 15:09,22.7,21,-0.7,22.7
2023/03/01 16:09,22.9,21,-0.6,22.9
2023/03/01 17:09,22.9,21,-0.6,22.9
2023/03/01 18:09,23.0,21,-0.5,23.0
2023/03/01 19:09,22.9,21,-0.6,22.9
2023/03/01 20:09,22.8,21,-0.6,22.8
2023/03/01 21:09,22.7,21,-0.7,22.7
2023/03/01 22:09,22.5,21,-0.9,22.5
2023/03/01 23:09,22.4,21,-1.0,22.4
2023/03/02 00:09,22.6,21,-0.8,22.6
2023/03/02 01:09,22.7,21,-0.7,22.7
2023/03/02 02:09,22.7,21,-0.7,22.7
2023/03/02 03:09,22.7,21,-0.7,22.7
2023/03/02 04:09,22.8,21,-0.6,22.8
2023/03/02 05:09,22.8,21,-0.6,22.8
2023/03/02 06:09,22.9,21,-0.6,22.9
2023/03/02 07:09,22.9,21,-0.6,22.9
2023/03/02 08:09,22.9,21,-0.6,22.9
2023/03/02 09:09,23.1,22,0.2,23.1
2023/03/02 10:09,23.4,21,-0.1,23.4
2023/03/02 11:09,23.8,21,0.2,23.8
2023/03/02 12:09,24.1,21,0.4,24.1
2023/03/02 13:09,24.3,21,0.6,24.3
2023/03/02 14:09,24.8,21,1.0,24.8
2023/03/02 15:09,25.3,21,1.4,25.3
2023/03/02 16:09,25.5,21,1.6,25.5
2023/03/02 17:09,25.6,21,1.7,25.6
2023/03/02 18:09,25.5,21,1.6,25.5
2023/03/02 19:09,25.3,21,1.4,25.3
2023/03/02 20:09,24.9,21,1.1,24.9
2023/03/02 21:09,24.4,22,1.3,24.4
2023/03/02 22:09,24.0,22,1.0,24.0
2023/03/02 23:09,23.6,22,0.7,23.6
2023/03/03 00:09,23.3,22,0.4,23.3
2023/03/03 01:09,22.8,22,0.0,22.8
2023/03/03 02:09,22.8,22,0.0,22.8
2023/03/03 03:09,22.7,22,-0.1,22.7
2023/03/03 04:09,22.6,22,-0.2,22.6
2023/03/03 05:09,22.4,22,-0.3,22.4
2023/03/03 06:09,22.3,22,-0.4,22.3
2023/03/03 07:09,22.1,22,-0.6,22.1
2023/03/03 08:09,22.0,22,-0.7,22.0
2023/03/03 09:09,22.2,22,-0.5,22.2
2023/03/03 10:09,22.5,23,0.4,22.5
2023/03/03 11:09,22.9,24,1.3,22.9
2023/03/03 12:09,23.2,24,1.5,23.2
2023/03/03 13:09,23.5,24,1.8,23.5
2023/03/03 14:09,23.8,24,2.0,23.8
2023/03/03 15:09,24.0,24,2.2,24.0
2023/03/03 16:09,24.1,24,2.3,24.1
2023/03/03 17:09,24.4,23,2.0,24.4
2023/03/03 18:09,24.6,23,2.1,24.6
2023/03/03 19:09,24.5,23,2.0,24.5
2023/03/03 20:09,24.4,24,2.6,24.4
2023/03/03 21:09,24.2,24,2.4,24.2
2023/03/03 22:09,24.1,24,2.3,24.1
2023/03/03 23:09,24.1,24,2.3,24.1
2023/03/04 00:09,24.0,24,2.2,24.0
2023/03/04 01:09,24.1,24,2.3,24.1
2023/03/04 02:09,24.1,24,2.3,24.1
2023/03/04 03:09,24.0,24,2.2,24.0
2023/03/04 04:09,24.0,24,2.2,24.0
2023/03/04 05:09,24.0,25,2.8,24.0
2023/03/04 06:09,24.0,25,2.8,24.0
2023/03/04 07:09,24.0,25,2.8,24.0
2023/03/04 08:09,24.1,25,2.9,24.1
2023/03/04 09:09,24.1,25,2.9,24.1
2023/03/04 10:09,24.3,25,3.0,24.3
2023/03/04 11:09,24.5,25,3.2,24.5
2023/03/04 12:09,24.7,25,3.4,24.7
2023/03/04 13:09,25.0,24,3.1,25.0
2023/03/04 14:09,25.3,24,3.3,25.3
2023/03/04 15:09,25.5,24,3.5,25.5
2023/03/04 16:09,25.6,23,3.0,25.6
2023/03/04 17:09,25.6,23,3.0,25.6
2023/03/04 18:09,25.7,23,3.0,25.7
2023/03/04 19:09,25.5,23,2.9,25.5
2023/03/04 20:09,25.3,23,2.7,25.3
2023/03/04 21:09,25.2,23,2.6,25.2
2023/03/04 22:09,25.0,23,2.5,25.0
2023/03/04 23:09,24.8,23,2.3,24.8
2023/03/05 00:09,24.4,23,2.0,24.4
2023/03/05 01:09,24.1,23,1.7,24.1
2023/03/05 02:09,23.7,23,1.4,23.7
2023/03/05 03:09,23.3,23,1.0,23.3
2023/03/05 04:09,23.0,23,0.8,23.0
2023/03/05 05:09,22.6,23,0.4,22.6
2023/03/05 06:09,22.7,23,0.5,22.7
2023/03/05 07:09,22.6,23,0.4,22.6
2023/03/05 08:09,22.5,22,-0.3,22.5
2023/03/05 09:09,22.9,23,0.7,22.9
2023/03/05 10:09,23.4,23,1.1,23.4
2023/03/05 11:09,23.6,23,1.3,23.6
2023/03/05 12:09,24.1,23,1.7,24.1
2023/03/05 13:09,24.6,23,2.1,24.6
2023/03/05 14:09,25.1,22,1.9,25.1
2023/03/05 15:09,25.3,22,2.1,25.3
2023/03/05 16:09,25.5,22,2.3,25.5
2023/03/05 17:09,25.6,23,3.0,25.6
2023/03/05 18:09,25.5,23,2.9,25.5
2023/03/05 19:09,25.3,23,2.7,25.3
2023/03/05 20:09,25.0,23,2.5,25.0
2023/03/05 21:09,24.6,23,2.1,24.6
2023/03/05 22:09,24.2,23,1.8,24.2
2023/03/05 23:09,23.8,23,1.5,23.8
2023/03/06 00:09,23.4,22,0.5,23.4
2023/03/06 01:09,22.9,22,0.1,22.9
2023/03/06 02:09,22.8,22,0.0,22.8
2023/03/06 03:09,22.7,22,-0.1,22.7
2023/03/06 04:09,22.7,22,-0.1,22.7
2023/03/06 05:09,22.4,22,-0.3,22.4
2023/03/06 06:09,22.3,22,-0.4,22.3
2023/03/06 07:09,22.1,22,-0.6,22.1
2023/03/06 08:09,22.0,22,-0.7,22.0
2023/03/06 09:09,22.5,22,-0.3,22.5
2023/03/06 10:09,23.1,23,0.9,23.1
2023/03/06 11:09,24.0,23,1.6,24.0
2023/03/06 12:09,24.7,22,1.6,24.7
2023/03/06 13:09,24.9,21,1.1,24.9
2023/03/06 14:09,25.2,21,1.4,25.2
2023/03/06 15:09,25.5,20,0.9,25.5
2023/03/06 16:09,25.6,19,0.3,25.6
2023/03/06 17:09,25.7,19,0.4,25.7
2023/03/06 18:09,25.6,19,0.3,25.6
2023/03/06 19:09,25.2,18,-0.8,25.2
2023/03/06 20:09,24.8,19,-0.4,24.8
2023/03/06 21:09,24.6,19,-0.5,24.6
2023/03/06 22:09,24.3,19,-0.8,24.3
2023/03/06 23:09,23.9,20,-0.4,23.9
2023/03/07 00:09,23.7,20,-0.6,23.7
2023/03/07 01:09,23.4,20,-0.8,23.4
2023/03/07 02:09,23.1,21,-0.4,23.1
2023/03/07 03:09,22.8,21,-0.6,22.8
2023/03/07 04:09,22.5,21,-0.9,22.5
2023/03/07 05:09,22.6,21,-0.8,22.6
2023/03/07 06:09,22.7,21,-0.7,22.7
2023/03/07 07:09,22.7,21,-0.7,22.7
2023/03/07 08:09,22.9,21,-0.6,22.9
2023/03/07 09:09,23.3,21,-0.2,23.3
2023/03/07 10:09,24.0,21,0.4,24.0
2023/03/07 11:09,24.7,20,0.3,24.7
2023/03/07 12:09,25.1,20,0.6,25.1
2023/03/07 13:09,25.1,20,0.6,25.1
2023/03/07 14:09,25.2,19,0.0,25.2
2023/03/07 15:09,25.2,19,0.0,25.2
2023/03/07 16:09,25.1,20,0.6,25.1
2023/03/07 17:09,24.8,23,2.3,24.8
2023/03/07 18:09,24.7,24,2.8,24.7
2023/03/07 19:09,24.5,25,3.2,24.5
2023/03/07 20:09,24.2,25,3.0,24.2
2023/03/07 21:09,24.1,25,2.9,24.1
2023/03/07 22:09,23.9,25,2.7,23.9
2023/03/07 23:09,23.6,25,2.5,23.6
2023/03/08 00:09,23.4,25,2.3,23.4
2023/03/08 01:09,23.1,25,2.0,23.1
2023/03/08 02:09,23.0,25,1.9,23.0
2023/03/08 03:09,23.1,25,2.0,23.1
2023/03/08 04:09,23.2,25,2.1,23.2
2023/03/08 05:09,23.2,25,2.1,23.2
2023/03/08 06:09,23.0,26,2.5,23.0
2023/03/08 07:09,23.1,26,2.6,23.1
2023/03/08 08:09,23.2,27,3.2,23.2
2023/03/08 09:09,22.8,28,3.4,22.8
2023/03/08 10:09,23.0,30,4.5,23.0
2023/03/08 11:09,23.3,31,5.3,23.3
2023/03/08 12:09,23.9,31,5.8,23.9
2023/03/08 13:09,24.3,30,5.6,24.3
2023/03/08 14:09,24.4,31,6.2,24.4
2023/03/08 15:09,24.7,32,6.9,24.7
2023/03/08 16:09,24.8,33,7.5,24.8
2023/03/08 17:56,---.-,--,---.-,---.-
2023/03/08 18:56,---.-,--,---.-,---.-
2023/03/08 19:56,25.2,33,7.8,25.2
2023/03/08 20:56,25.2,33,7.8,25.2
2023/03/08 21:56,25.1,34,8.2,25.1
2023/03/08 22:56,25.0,35,8.5,25.0
2023/03/08 23:56,24.9,35,8.4,24.9
2023/03/09 00:56,24.7,35,8.2,24.7
2023/03/09 01:56,24.8,35,8.3,24.8
2023/03/09 02:56,24.7,34,7.8,24.7
2023/03/09 03:56,24.6,34,7.7,24.6
2023/03/09 04:56,24.5,32,6.8,24.5
2023/03/09 05:56,24.5,31,6.3,24.5
2023/03/09 06:56,24.7,30,6.0,24.7
2023/03/09 07:56,24.9,30,6.2,24.9
2023/03/09 08:56,25.2,30,6.4,25.2
2023/03/09 09:56,---.-,--,---.-,---.-
2023/03/09 10:56,25.7,28,5.9,25.7
2023/03/09 11:56,---.-,--,---.-,---.-
2023/03/09 14:56,---.-,--,---.-,---.-
2023/03/09 15:56,---.-,--,---.-,---.-
2023/03/09 16:56,---.-,--,---.-,---.-
2023/03/09 21:56,---.-,--,---.-,---.-
2023/03/09 22:56,---.-,--,---.-,---.-
2023/03/09 23:56,25.3,31,7.0,25.3
2023/03/10 00:56,25.1,32,7.3,25.1
2023/03/10 01:56,24.8,32,7.0,24.8
2023/03/10 02:56,---.-,--,---.-,---.-
2023/03/10 03:56,---.-,--,---.-,---.-
2023/03/10 04:56,24.8,32,7.0,24.8
2023/03/10 05:56,---.-,--,---.-,---.-
2023/03/10 06:56,24.8,33,7.5,24.8
2023/03/10 07:56,---.-,--,---.-,---.-
2023/03/10 08:56,---.-,--,---.-,---.-
2023/03/10 10:37,24.7,31,6.5,24.7
2023/03/10 11:37,24.9,32,7.1,24.9
2023/03/10 12:37,24.9,31,6.6,24.9
2023/03/10 13:37,24.5,31,6.3,24.5
2023/03/10 14:37,24.9,29,5.7,24.9
2023/03/10 15:37,25.2,27,4.9,25.2
2023/03/10 16:37,25.1,27,4.8,25.1
2023/03/10 17:37,25.0,26,4.2,25.0
2023/03/10 18:37,25.1,27,4.8,25.1
2023/03/10 19:37,24.9,28,5.2,24.9
2023/03/10 20:37,24.7,29,5.5,24.7
2023/03/10 21:37,24.5,29,5.3,24.5
2023/03/10 22:37,24.4,30,5.7,24.4
2023/03/10 23:37,24.1,30,5.5,24.1
2023/03/11 00:37,23.9,30,5.3,23.9
2023/03/11 01:37,23.8,30,5.2,23.8
2023/03/11 02:37,23.8,30,5.2,23.8
2023/03/11 03:37,23.8,31,5.7,23.8
2023/03/11 04:37,23.8,31,5.7,23.8
2023/03/11 05:37,23.9,31,5.8,23.9
2023/03/11 06:37,23.9,31,5.8,23.9
2023/03/11 07:37,23.9,32,6.2,23.9
2023/03/11 08:37,24.0,32,6.3,24.0
2023/03/11 09:37,24.2,32,6.5,24.2
2023/03/11 10:37,24.4,32,6.7,24.4
2023/03/11 11:37,24.4,32,6.7,24.4
2023/03/11 12:37,24.4,32,6.7,24.4
2023/03/11 13:37,24.6,31,6.4,24.6
2023/03/11 14:37,24.7,32,6.9,24.7
2023/03/11 15:37,24.8,32,7.0,24.8
2023/03/11 16:37,24.9,31,6.6,24.9
2023/03/11 17:37,24.9,31,6.6,24.9
2023/03/11 18:37,24.9,31,6.6,24.9
2023/03/11 19:37,24.8,31,6.6,24.8
2023/03/11 20:37,24.7,31,6.5,24.7
2023/03/11 21:37,24.6,31,6.4,24.6
2023/03/11 22:37,24.5,32,6.8,24.5
2023/03/11 23:37,24.5,32,6.8,24.5
2023/03/12 00:37,24.6,32,6.8,24.6
2023/03/12 01:37,24.6,33,7.3,24.6
2023/03/12 02:37,24.7,33,7.4,24.7
2023/03/12 03:37,24.8,33,7.5,24.8
2023/03/12 04:37,24.9,34,8.0,24.9
2023/03/12 05:37,24.9,34,8.0,24.9
2023/03/12 06:37,25.0,34,8.1,25.0
2023/03/12 07:37,25.0,35,8.5,25.0
2023/03/12 08:37,25.2,35,8.7,25.2
2023/03/12 09:37,25.3,34,8.3,25.3
2023/03/12 10:37,25.4,33,8.0,25.4
2023/03/12 11:37,25.5,32,7.6,25.5
2023/03/12 12:37,25.6,31,7.3,25.6
2023/03/12 13:37,25.8,30,6.9,25.8
2023/03/12 14:37,26.0,30,7.1,26.0
2023/03/12 15:37,26.2,30,7.3,26.2
2023/03/12 16:37,26.2,29,6.8,26.2
2023/03/12 17:37,26.2,29,6.8,26.2
2023/03/12 18:37,26.1,30,7.2,26.1
2023/03/12 19:37,26.0,30,7.1,26.0
2023/03/12 20:37,25.8,30,6.9,25.8
2023/03/12 21:37,25.8,30,6.9,25.8
2023/03/12 22:37,25.7,30,6.9,25.7
2023/03/12 23:37,25.6,30,6.8,25.6
2023/03/13 00:37,25.6,31,7.3,25.6
2023/03/13 01:37,25.5,31,7.2,25.5
2023/03/13 02:37,25.4,31,7.1,25.4
2023/03/13 03:37,25.4,31,7.1,25.4
2023/03/13 04:37,25.4,31,7.1,25.4
2023/03/13 05:37,25.2,31,6.9,25.2
2023/03/13 06:37,25.2,31,6.9,25.2
2023/03/13 07:37,25.0,31,6.7,25.0
2023/03/13 08:37,25.3,31,7.0,25.3
2023/03/13 09:37,25.5,30,6.7,25.5
2023/03/13 10:37,25.6,30,6.8,25.6
2023/03/13 11:37,25.8,30,6.9,25.8
2023/03/13 12:37,25.9,31,7.5,25.9
2023/03/13 13:37,26.0,31,7.6,26.0
2023/03/13 14:37,26.0,31,7.6,26.0
2023/03/13 15:37,26.1,31,7.7,26.1
2023/03/13 16:37,26.2,32,8.2,26.2
2023/03/13 17:37,26.2,32,8.2,26.2
2023/03/13 18:37,26.0,33,8.5,26.0
2023/03/13 19:37,25.9,34,8.9,25.9
2023/03/13 20:37,25.6,35,9.0,25.6
2023/03/13 21:37,25.2,37,9.5,25.2
2023/03/13 22:37,25.3,36,9.2,25.3
2023/03/13 23:37,25.6,34,8.6,25.6
2023/03/14 00:37,25.5,34,8.5,25.5
2023/03/14 01:37,25.4,34,8.4,25.4
2023/03/14 02:37,25.4,35,8.9,25.4
2023/03/14 03:37,25.3,34,8.3,25.3
2023/03/14 04:37,25.2,34,8.3,25.2
2023/03/14 05:37,24.9,33,7.6,24.9
2023/03/14 06:37,24.9,33,7.6,24.9
2023/03/14 07:37,24.8,33,7.5,24.8
2023/03/14 08:37,24.7,34,7.8,24.7
2023/03/14 09:37,24.8,34,7.9,24.8
2023/03/14 10:37,24.8,35,8.3,24.8
2023/03/14 11:37,24.9,33,7.6,24.9
2023/03/14 12:37,24.9,31,6.6,24.9
2023/03/14 13:37,25.1,30,6.3,25.1
2023/03/14 14:37,25.3,30,6.5,25.3
2023/03/14 15:37,25.3,29,6.0,25.3
2023/03/14 16:37,25.2,29,5.9,25.2
2023/03/14 17:37,25.5,27,5.2,25.5
2023/03/14 18:37,25.4,26,4.5,25.4
2023/03/14 19:37,25.3,27,5.0,25.3
2023/03/14 20:37,25.0,27,4.7,25.0
2023/03/14 21:37,24.8,28,5.1,24.8
2023/03/14 22:37,24.6,28,4.9,24.6
2023/03/14 23:37,24.4,28,4.7,24.4
2023/03/15 00:37,24.2,29,5.1,24.2
2023/03/15 01:37,24.1,28,4.5,24.1
2023/03/15 02:37,23.9,27,3.8,23.9
2023/03/15 03:37,23.6,26,3.0,23.6
2023/03/15 04:37,23.5,26,2.9,23.5
2023/03/15 05:37,23.3,26,2.7,23.3
2023/03/15 06:37,23.0,26,2.5,23.0
2023/03/15 07:37,22.9,26,2.4,22.9
2023/03/15 08:37,23.4,26,2.8,23.4
2023/03/15 09:37,24.2,26,3.5,24.2
2023/03/15 10:37,24.8,24,2.9,24.8
2023/03/15 11:37,25.2,23,2.6,25.2
2023/03/15 12:37,25.4,21,1.5,25.4
2023/03/15 13:37,25.5,20,0.9,25.5
2023/03/15 14:37,25.5,19,0.2,25.5
2023/03/15 15:37,25.8,18,-0.3,25.8
2023/03/15 16:37,25.9,18,-0.2,25.9
2023/03/15 17:37,25.9,18,-0.2,25.9
2023/03/15 18:37,25.8,19,0.5,25.8
2023/03/15 19:37,25.6,19,0.3,25.6
2023/03/15 20:37,25.5,20,0.9,25.5
2023/03/15 21:37,25.2,21,1.4,25.2
2023/03/15 22:37,24.9,22,1.8,24.9
2023/03/15 23:37,24.5,22,1.4,24.5
2023/03/16 00:37,24.2,23,1.8,24.2
2023/03/16 01:37,23.9,23,1.5,23.9
2023/03/16 02:37,23.4,24,1.7,23.4
2023/03/16 03:37,23.2,24,1.5,23.2
2023/03/16 04:37,22.9,24,1.3,22.9
2023/03/16 05:37,22.6,24,1.0,22.6
2023/03/16 06:37,22.4,24,0.9,22.4
2023/03/16 07:37,22.3,24,0.8,22.3
2023/03/16 08:37,22.9,24,1.3,22.9
2023/03/16 09:37,23.8,24,2.0,23.8
2023/03/16 10:37,24.5,23,2.0,24.5
2023/03/16 11:37,25.0,22,1.8,25.0
2023/03/16 12:37,25.3,22,2.1,25.3
2023/03/16 13:37,25.5,22,2.3,25.5
2023/03/16 14:37,25.7,21,1.8,25.7
2023/03/16 15:37,25.9,21,1.9,25.9
2023/03/16 16:37,26.1,21,2.1,26.1
2023/03/16 17:37,26.0,22,2.7,26.0
2023/03/16 18:37,25.9,23,3.2,25.9
2023/03/16 19:37,25.8,23,3.1,25.8
2023/03/16 20:37,25.6,23,3.0,25.6
2023/03/16 21:37,25.5,24,3.5,25.5
2023/03/16 22:37,25.3,24,3.3,25.3
2023/03/16 23:37,25.0,25,3.6,25.0
2023/03/17 00:37,24.8,25,3.5,24.8
2023/03/17 01:37,24.5,25,3.2,24.5
2023/03/17 02:37,24.3,26,3.6,24.3
2023/03/17 03:37,24.0,26,3.3,24.0
2023/03/17 04:37,23.8,26,3.2,23.8
2023/03/17 05:37,23.7,26,3.1,23.7
2023/03/17 06:37,23.5,26,2.9,23.5
2023/03/17 07:37,23.4,26,2.8,23.4
2023/03/17 08:37,23.8,26,3.2,23.8
2023/03/17 09:37,24.5,26,3.8,24.5
2023/03/17 10:37,25.1,25,3.7,25.1
2023/03/17 11:37,25.5,25,4.1,25.5
2023/03/17 12:37,25.6,24,3.6,25.6
2023/03/17 13:37,25.8,23,3.1,25.8
2023/03/17 14:37,25.9,23,3.2,25.9
2023/03/17 15:37,26.0,23,3.3,26.0
2023/03/17 16:37,26.1,23,3.4,26.1
2023/03/17 17:37,26.2,23,3.5,26.2
2023/03/17 18:37,26.0,23,3.3,26.0
2023/03/17 19:37,26.0,24,3.9,26.0
2023/03/17 20:37,25.8,24,3.7,25.8
2023/03/17 21:37,25.6,24,3.6,25.6
2023/03/17 22:37,25.5,24,3.5,25.5
2023/03/17 23:37,25.4,24,3.4,25.4
2023/03/18 00:37,25.3,24,3.3,25.3
2023/03/18 01:37,25.3,24,3.3,25.3
2023/03/18 02:37,25.2,24,3.2,25.2
2023/03/18 03:37,25.1,23,2.5,25.1
2023/03/18 04:37,25.0,24,3.1,25.0
2023/03/18 05:37,25.0,24,3.1,25.0
2023/03/18 06:37,24.9,24,3.0,24.9
2023/03/18 07:37,25.1,24,3.1,25.1
2023/03/18 08:37,25.5,24,3.5,25.5
2023/03/18 09:37,25.7,24,3.6,25.7
2023/03/18 10:37,25.9,24,3.8,25.9
2023/03/18 11:37,25.9,24,3.8,25.9
2023/03/18 12:37,26.0,24,3.9,26.0
2023/03/18 13:37,26.1,24,4.0,26.1
2023/03/18 14:37,26.2,24,4.1,26.2
2023/03/18 15:37,26.0,24,3.9,26.0
2023/03/18 16:37,26.1,24,4.0,26.1
2023/03/18 17:37,26.0,24,3.9,26.0
2023/03/18 18:37,26.0,24,3.9,26.0
2023/03/18 19:37,25.9,24,3.8,25.9
2023/03/18 20:37,25.8,24,3.7,25.8
2023/03/18 21:37,25.7,25,4.2,25.7
2023/03/18 22:37,25.6,25,4.1,25.6
2023/03/18 23:37,25.6,25,4.1,25.6
2023/03/19 00:37,25.5,25,4.1,25.5
2023/03/19 01:37,25.4,26,4.5,25.4
2023/03/19 02:37,25.4,26,4.5,25.4
2023/03/19 03:37,25.4,27,5.1,25.4
2023/03/19 04:37,25.4,27,5.1,25.4
2023/03/19 05:37,25.3,28,5.5,25.3
2023/03/19 06:37,25.3,28,5.5,25.3
2023/03/19 07:37,25.3,29,6.0,25.3
2023/03/19 08:37,25.4,29,6.1,25.4
2023/03/19 09:37,25.4,30,6.6,25.4
2023/03/19 10:37,25.5,31,7.2,25.5
2023/03/19 11:37,25.5,31,7.2,25.5
2023/03/19 12:37,25.6,30,6.8,25.6
2023/03/19 13:37,25.8,30,6.9,25.8
2023/03/19 14:37,25.8,30,6.9,25.8
2023/03/19 15:37,25.7,32,7.8,25.7
2023/03/19 16:37,25.9,33,8.4,25.9
2023/03/19 17:37,25.8,34,8.8,25.8
2023/03/19 18:37,25.8,34,8.8,25.8
2023/03/19 19:37,25.8,34,8.8,25.8
2023/03/19 20:37,25.7,34,8.7,25.7
2023/03/19 21:37,25.6,34,8.6,25.6
2023/03/19 22:37,25.5,34,8.5,25.5
2023/03/19 23:37,25.5,33,8.1,25.5
2023/03/20 00:37,25.4,33,8.0,25.4
2023/03/20 01:37,25.3,32,7.5,25.3
2023/03/20 02:37,25.2,32,7.4,25.2
2023/03/20 03:37,25.0,32,7.2,25.0
2023/03/20 04:37,24.7,31,6.5,24.7
2023/03/20 05:37,24.6,31,6.4,24.6
2023/03/20 06:37,24.4,30,5.7,24.4
2023/03/20 07:37,24.4,30,5.7,24.4
2023/03/20 08:37,24.8,30,6.1,24.8
2023/03/20 09:37,25.5,30,6.7,25.5
2023/03/20 10:37,25.8,31,7.4,25.8
2023/03/20 11:37,25.9,30,7.0,25.9
2023/03/20 12:37,26.1,29,6.7,26.1
2023/03/20 13:37,26.2,29,6.8,26.2
2023/03/20 14:37,26.3,28,6.4,26.3
2023/03/20 15:37,26.4,28,6.5,26.4
2023/03/20 16:37,26.4,27,5.9,26.4
2023/03/20 17:37,26.4,27,5.9,26.4
2023/03/20 18:37,26.3,26,5.3,26.3
2023/03/20 19:37,26.2,27,5.8,26.2
2023/03/20 20:37,26.0,28,6.1,26.0
2023/03/20 21:37,25.9,28,6.0,25.9
2023/03/20 22:37,25.8,28,5.9,25.8
2023/03/20 23:37,25.6,28,5.8,25.6
2023/03/21 00:37,25.4,28,5.6,25.4
2023/03/21 01:37,25.1,28,5.3,25.1
2023/03/21 02:37,24.9,28,5.2,24.9
2023/03/21 03:37,24.7,28,5.0,24.7
2023/03/21 04:37,24.4,28,4.7,24.4
2023/03/21 05:37,24.3,28,4.7,24.3
2023/03/21 06:37,24.0,28,4.4,24.0
2023/03/21 07:37,23.9,28,4.3,23.9
2023/03/21 08:37,24.1,28,4.5,24.1
2023/03/21 09:37,24.9,29,5.7,24.9
2023/03/21 10:37,25.5,29,6.2,25.5
2023/03/21 11:37,25.8,29,6.5,25.8
2023/03/21 12:37,26.0,29,6.6,26.0
2023/03/21 13:37,26.1,29,6.7,26.1
2023/03/21 14:37,26.2,29,6.8,26.2
2023/03/21 15:37,26.2,28,6.3,26.2
2023/03/21 16:37,26.2,28,6.3,26.2
2023/03/21 17:37,26.2,27,5.8,26.2
2023/03/21 18:37,26.2,27,5.8,26.2
2023/03/21 19:37,26.2,27,5.8,26.2
2023/03/21 20:37,26.1,27,5.7,26.1
2023/03/21 21:37,26.0,27,5.6,26.0
2023/03/21 22:37,25.9,28,6.0,25.9
2023/03/21 23:37,25.8,28,5.9,25.8
2023/03/22 00:37,25.7,28,5.9,25.7
2023/03/22 01:37,25.6,29,6.3,25.6
2023/03/22 02:38,25.5,29,6.2,25.5
2023/03/22 03:38,25.4,28,5.6,25.4
2023/03/22 04:38,25.2,28,5.4,25.2
2023/03/22 05:38,25.1,28,5.3,25.1
2023/03/22 06:38,24.9,27,4.6,24.9
2023/03/22 07:38,25.0,27,4.7,25.0
2023/03/22 08:38,25.4,28,5.6,25.4
2023/03/22 09:38,25.9,28,6.0,25.9
2023/03/22 10:38,26.1,27,5.7,26.1
2023/03/22 11:38,26.2,27,5.8,26.2
2023/03/22 12:38,26.1,27,5.7,26.1
2023/03/22 13:38,26.2,28,6.3,26.2
2023/03/22 14:38,26.5,27,6.0,26.5
2023/03/22 15:38,26.4,25,4.8,26.4
2023/03/22 16:38,26.6,24,4.4,26.6
2023/03/22 17:38,26.4,24,4.2,26.4
2023/03/22 18:38,26.2,24,4.1,26.2
2023/03/22 19:38,26.2,24,4.1,26.2
2023/03/22 20:38,26.1,24,4.0,26.1
2023/03/22 21:38,26.0,25,4.5,26.0
2023/03/22 22:38,26.0,26,5.0,26.0
2023/03/22 23:38,25.9,26,5.0,25.9
2023/03/23 00:38,25.8,27,5.4,25.8
2023/03/23 01:38,25.7,27,5.3,25.7
2023/03/23 02:38,25.7,26,4.8,25.7
2023/03/23 03:38,25.7,27,5.3,25.7
2023/03/23 04:38,25.7,27,5.3,25.7
2023/03/23 05:38,25.6,28,5.8,25.6
2023/03/23 06:38,25.6,28,5.8,25.6
2023/03/23 07:38,25.6,28,5.8,25.6
2023/03/23 08:38,25.6,28,5.8,25.6
2023/03/23 09:38,25.8,28,5.9,25.8
2023/03/23 10:38,25.9,28,6.0,25.9
2023/03/23 11:38,26.1,28,6.2,26.1
2023/03/23 12:38,26.1,28,6.2,26.1
2023/03/23 13:38,26.0,28,6.1,26.0
2023/03/23 14:38,26.2,30,7.3,26.2
2023/03/23 15:38,26.3,31,7.9,26.3
2023/03/23 16:38,26.3,31,7.9,26.3
2023/03/23 17:38,26.4,31,7.9,26.4
2023/03/23 18:38,26.3,31,7.9,26.3
2023/03/23 19:38,26.2,30,7.3,26.2
2023/03/23 20:38,26.1,31,7.7,26.1
2023/03/23 21:38,26.1,32,8.2,26.1
2023/03/23 22:38,26.1,33,8.6,26.1
2023/03/23 23:38,26.0,34,9.0,26.0
2023/03/24 00:38,25.9,34,8.9,25.9
2023/03/24 01:38,25.9,34,8.9,25.9
2023/03/24 02:38,25.8,35,9.2,25.8
2023/03/24 03:38,25.8,35,9.2,25.8
2023/03/24 04:38,25.7,35,9.1,25.7
2023/03/24 05:38,25.6,35,9.0,25.6
2023/03/24 06:38,25.5,36,9.4,25.5
2023/03/24 07:38,25.6,35,9.0,25.6
2023/03/24 08:38,25.5,35,8.9,25.5
2023/03/24 09:38,25.8,35,9.2,25.8
2023/03/24 10:38,25.9,35,9.3,25.9
2023/03/24 11:38,25.9,34,8.9,25.9
2023/03/24 12:38,26.0,33,8.5,26.0
2023/03/24 13:38,26.0,33,8.5,26.0
2023/03/24 14:38,26.1,33,8.6,26.1
2023/03/24 15:38,26.1,34,9.0,26.1
2023/03/24 16:38,26.1,34,9.0,26.1
2023/03/24 17:38,26.1,33,8.6,26.1
2023/03/24 18:38,26.0,33,8.5,26.0
2023/03/24 19:38,25.9,33,8.4,25.9
2023/03/24 20:38,25.7,32,7.8,25.7
2023/03/24 21:38,25.7,32,7.8,25.7
2023/03/24 22:38,25.6,32,7.7,25.6
2023/03/24 23:38,25.5,33,8.1,25.5
2023/03/25 00:38,25.4,32,7.5,25.4
2023/03/25 01:38,25.4,31,7.1,25.4
2023/03/25 02:38,25.4,31,7.1,25.4
2023/03/25 03:38,25.1,30,6.3,25.1
2023/03/25 04:38,25.0,29,5.8,25.0
2023/03/25 05:38,25.0,29,5.8,25.0
2023/03/25 06:38,25.1,30,6.3,25.1
2023/03/25 07:38,25.2,29,5.9,25.2
2023/03/25 08:38,25.3,30,6.5,25.3
2023/03/25 09:38,25.1,30,6.3,25.1
2023/03/25 10:38,25.1,30,6.3,25.1
2023/03/25 11:38,25.3,29,6.0,25.3
2023/03/25 12:38,25.3,30,6.5,25.3
2023/03/25 13:38,25.6,31,7.3,25.6
2023/03/25 14:38,25.8,31,7.4,25.8
2023/03/25 15:38,26.0,30,7.1,26.0
2023/03/25 16:38,26.1,29,6.7,26.1
2023/03/25 17:38,26.1,28,6.2,26.1
2023/03/25 18:38,26.1,28,6.2,26.1
2023/03/25 19:38,26.0,28,6.1,26.0
2023/03/25 20:38,25.8,28,5.9,25.8
2023/03/25 21:38,25.8,28,5.9,25.8
2023/03/25 22:38,25.7,28,5.9,25.7
2023/03/25 23:38,25.7,28,5.9,25.7
2023/03/26 00:38,25.7,28,5.9,25.7
2023/03/26 01:38,25.6,28,5.8,25.6
2023/03/26 03:38,25.5,29,6.2,25.5
2023/03/26 04:38,25.4,29,6.1,25.4
2023/03/26 05:38,25.3,29,6.0,25.3
2023/03/26 06:38,25.1,30,6.3,25.1
2023/03/26 07:38,25.2,31,6.9,25.2
2023/03/26 08:38,25.2,32,7.4,25.2
2023/03/26 09:38,25.3,32,7.5,25.3
2023/03/26 10:38,25.4,33,8.0,25.4
2023/03/26 11:38,25.4,33,8.0,25.4
2023/03/26 12:38,25.4,33,8.0,25.4
2023/03/26 13:38,25.3,33,7.9,25.3
2023/03/26 14:38,25.3,32,7.5,25.3
2023/03/26 15:38,25.4,32,7.5,25.4
2023/03/26 16:38,25.6,29,6.3,25.6
2023/03/26 17:38,25.7,29,6.4,25.7
2023/03/26 18:38,25.7,30,6.9,25.7
2023/03/26 19:38,25.6,30,6.8,25.6
2023/03/26 20:38,25.6,31,7.3,25.6
2023/03/26 21:38,25.5,31,7.2,25.5
2023/03/26 22:38,25.5,31,7.2,25.5
2023/03/26 23:38,25.5,31,7.2,25.5
2023/03/27 00:38,25.4,31,7.1,25.4
2023/03/27 01:38,25.4,31,7.1,25.4
2023/03/27 02:38,25.3,31,7.0,25.3
2023/03/27 03:38,25.1,31,6.8,25.1
2023/03/27 04:38,25.1,31,6.8,25.1
2023/03/27 05:38,24.9,31,6.6,24.9
2023/03/27 06:38,24.8,30,6.1,24.8
2023/03/27 07:38,24.7,31,6.5,24.7
2023/03/27 08:38,24.7,31,6.5,24.7
2023/03/27 09:38,25.2,29,5.9,25.2
2023/03/27 10:38,24.9,28,5.2,24.9
2023/03/27 11:38,25.0,27,4.7,25.0
2023/03/27 12:38,24.9,26,4.1,24.9
2023/03/27 13:38,24.8,25,3.5,24.8
2023/03/27 14:38,24.8,24,2.9,24.8
2023/03/27 15:38,24.9,23,2.4,24.9
2023/03/27 16:38,25.0,22,1.8,25.0
2023/03/27 17:38,25.2,21,1.4,25.2
2023/03/27 18:38,25.2,21,1.4,25.2
2023/03/27 19:38,25.1,21,1.3,25.1
2023/03/27 20:38,24.9,22,1.8,24.9
2023/03/27 21:38,24.7,22,1.6,24.7
2023/03/27 22:38,24.5,22,1.4,24.5
2023/03/27 23:38,24.4,23,2.0,24.4
2023/03/28 00:38,24.2,23,1.8,24.2
2023/03/28 01:38,24.0,23,1.6,24.0
2023/03/28 02:38,23.9,23,1.5,23.9
2023/03/28 03:38,23.5,24,1.8,23.5
2023/03/28 04:38,23.3,24,1.6,23.3
2023/03/28 05:38,23.0,24,1.4,23.0
2023/03/28 06:38,23.1,24,1.5,23.1
2023/03/28 07:38,22.8,24,1.2,22.8
2023/03/28 08:38,23.1,24,1.5,23.1
2023/03/28 09:38,22.7,23,0.5,22.7
2023/03/28 10:38,22.6,24,1.0,22.6
2023/03/28 11:38,23.2,24,1.5,23.2
2023/03/28 12:38,24.3,23,1.9,24.3
2023/03/28 13:38,24.9,23,2.4,24.9
2023/03/28 14:38,25.3,22,2.1,25.3
2023/03/28 15:38,25.6,22,2.3,25.6
2023/03/28 16:38,25.9,21,1.9,25.9
2023/03/28 17:38,26.0,21,2.0,26.0
2023/03/28 18:38,26.0,20,1.3,26.0
2023/03/28 19:38,25.8,21,1.9,25.8
2023/03/28 20:38,25.7,21,1.8,25.7
2023/03/28 21:38,25.6,22,2.3,25.6
2023/03/28 22:38,25.6,22,2.3,25.6
2023/03/28 23:38,25.5,23,2.9,25.5
2023/03/29 00:38,25.5,23,2.9,25.5
2023/03/29 01:38,25.4,24,3.4,25.4
2023/03/29 02:38,25.3,24,3.3,25.3
2023/03/29 03:38,25.2,24,3.2,25.2
2023/03/29 04:38,25.1,24,3.1,25.1
2023/03/29 05:38,25.2,24,3.2,25.2
2023/03/29 06:38,25.1,24,3.1,25.1
2023/03/29 07:38,24.9,24,3.0,24.9
2023/03/29 08:38,25.1,24,3.1,25.1
2023/03/29 09:38,25.3,25,3.9,25.3
2023/03/29 10:38,25.1,25,3.7,25.1
2023/03/29 11:38,25.5,25,4.1,25.5
2023/03/29 12:38,25.7,25,4.2,25.7
2023/03/29 13:38,25.9,26,5.0,25.9
2023/03/29 14:38,26.0,25,4.5,26.0
2023/03/29 15:38,26.2,26,5.2,26.2
2023/03/29 16:38,26.2,27,5.8,26.2
2023/03/29 17:38,26.2,28,6.3,26.2
2023/03/29 18:38,26.5,29,7.1,26.5
2023/03/29 19:38,26.3,30,7.4,26.3
2023/03/29 20:38,26.3,29,6.9,26.3
2023/03/29 21:38,26.2,29,6.8,26.2
2023/03/29 22:38,26.1,30,7.2,26.1
2023/03/29 23:38,26.0,30,7.1,26.0
2023/03/30 00:38,26.0,31,7.6,26.0
2023/03/30 01:38,25.9,31,7.5,25.9
2023/03/30 02:38,25.9,32,8.0,25.9
2023/03/30 03:38,25.8,32,7.9,25.8
2023/03/30 04:38,25.8,32,7.9,25.8
2023/03/30 05:38,25.8,32,7.9,25.8
2023/03/30 06:38,25.6,33,8.2,25.6
2023/03/30 07:38,25.5,33,8.1,25.5
2023/03/30 08:38,25.5,32,7.6,25.5
2023/03/30 09:38,25.3,32,7.5,25.3
2023/03/30 10:38,25.4,31,7.1,25.4
2023/03/30 11:38,25.7,30,6.9,25.7
2023/03/30 12:38,25.9,29,6.5,25.9
2023/03/30 13:38,25.9,30,7.0,25.9
2023/03/30 14:38,26.1,30,7.2,26.1
2023/03/30 19:38,26.2,31,7.8,26.2
2023/03/30 20:38,26.1,32,8.2,26.1
2023/03/30 21:38,26.1,32,8.2,26.1
2023/03/30 22:38,26.0,32,8.1,26.0
2023/03/30 23:38,25.9,32,8.0,25.9
2023/03/31 00:38,25.9,32,8.0,25.9
2023/03/31 01:38,25.8,32,7.9,25.8
2023/03/31 02:38,25.7,33,8.3,25.7
2023/03/31 03:38,25.6,33,8.2,25.6
2023/03/31 04:38,25.6,33,8.2,25.6
2023/03/31 05:38,25.6,34,8.6,25.6
2023/03/31 06:38,25.6,33,8.2,25.6
2023/03/31 07:38,25.4,33,8.0,25.4
2023/03/31 08:38,25.3,35,8.8,25.3
2023/03/31 09:38,25.5,35,8.9,25.5
2023/03/31 10:38,25.4,35,8.9,25.4
2023/03/31 11:38,25.3,33,7.9,25.3
2023/03/31 12:38,25.4,32,7.5,25.4
2023/03/31 13:38,25.4,31,7.1,25.4
2023/03/31 14:38,25.0,33,7.6,25.0
2023/03/31 15:38,25.6,32,7.7,25.6
2023/03/31 16:38,25.6,29,6.3,25.6
2023/03/31 17:38,25.4,30,6.6,25.4
2023/03/31 18:38,25.6,30,6.8,25.6
2023/03/31 19:38,25.5,30,6.7,25.5
2023/03/31 20:38,25.4,31,7.1,25.4
2023/03/31 21:38,25.4,30,6.6,25.4
2023/03/31 22:38,25.2,30,6.4,25.2
2023/03/31 23:38,25.1,30,6.3,25.1
2023/04/01 00:38,24.9,30,6.2,24.9
2023/04/01 01:38,24.9,30,6.2,24.9
2023/04/01 02:38,24.7,30,6.0,24.7
2023/04/01 03:38,24.9,30,6.2,24.9
2023/04/01 04:38,24.8,30,6.1,24.8
2023/04/01 05:38,24.7,31,6.5,24.7
2023/04/01 06:38,24.7,31,6.5,24.7
2023/04/01 07:38,24.6,31,6.4,24.6
2023/04/01 08:38,24.5,31,6.3,24.5
2023/04/01 09:38,24.5,32,6.8,24.5
2023/04/01 10:38,24.8,32,7.0,24.8
2023/04/01 11:38,24.8,32,7.0,24.8
2023/04/01 12:38,24.8,32,7.0,24.8
2023/04/01 13:38,25.2,32,7.4,25.2
2023/04/01 14:38,25.3,32,7.5,25.3
2023/04/01 15:38,25.5,32,7.6,25.5
2023/04/01 16:38,25.5,32,7.6,25.5
2023/04/01 17:38,25.5,32,7.6,25.5
2023/04/01 18:38,25.5,32,7.6,25.5
2023/04/01 19:38,25.5,31,7.2,25.5
2023/04/01 20:38,25.4,31,7.1,25.4
2023/04/01 21:38,25.1,30,6.3,25.1
2023/04/01 22:38,24.9,30,6.2,24.9
2023/04/01 23:38,24.9,30,6.2,24.9
2023/04/02 00:38,24.7,30,6.0,24.7
2023/04/02 01:38,24.7,30,6.0,24.7
2023/04/02 02:38,24.6,30,5.9,24.6
2023/04/02 03:38,24.5,31,6.3,24.5
2023/04/02 04:38,24.4,31,6.2,24.4
2023/04/02 05:38,24.4,31,6.2,24.4
2023/04/02 06:38,24.4,31,6.2,24.4
2023/04/02 07:38,24.4,31,6.2,24.4
2023/04/02 08:38,24.5,31,6.3,24.5
2023/04/02 09:38,24.6,31,6.4,24.6
2023/04/02 10:38,25.0,31,6.7,25.0
2023/04/02 11:38,25.3,31,7.0,25.3
2023/04/02 12:38,25.4,31,7.1,25.4
2023/04/02 13:38,25.5,32,7.6,25.5
2023/04/02 14:38,25.6,32,7.7,25.6
2023/04/02 15:38,25.5,31,7.2,25.5
2023/04/02 16:38,25.6,31,7.3,25.6
2023/04/02 17:38,25.6,32,7.7,25.6
2023/04/02 18:38,25.6,32,7.7,25.6
2023/04/02 19:38,25.5,32,7.6,25.5
2023/04/02 20:38,25.4,32,7.5,25.4
2023/04/02 21:38,25.4,33,8.0,25.4
2023/04/02 22:38,25.4,33,8.0,25.4
2023/04/02 23:38,25.3,33,7.9,25.3
2023/04/03 00:38,25.3,33,7.9,25.3
2023/04/03 01:38,25.2,33,7.8,25.2
2023/04/03 02:38,25.1,33,7.7,25.1
2023/04/03 03:38,25.0,33,7.6,25.0
2023/04/03 04:38,25.1,32,7.3,25.1
2023/04/03 05:38,25.0,32,7.2,25.0
2023/04/03 06:38,25.0,32,7.2,25.0
2023/04/03 07:38,24.7,32,6.9,24.7
2023/04/03 08:38,24.6,31,6.4,24.6
2023/04/03 09:38,24.4,30,5.7,24.4
2023/04/03 10:38,24.5,29,5.3,24.5
2023/04/03 11:38,24.7,29,5.5,24.7
2023/04/03 12:38,24.6,29,5.4,24.6
2023/04/03 13:38,24.5,28,4.8,24.5
2023/04/03 14:38,24.7,28,5.0,24.7
2023/04/03 15:38,24.8,27,4.6,24.8
2023/04/03 16:38,24.7,25,3.4,24.7
2023/04/03 17:38,24.6,25,3.3,24.6
2023/04/03 18:38,24.6,24,2.7,24.6
2023/04/03 19:38,24.5,24,2.6,24.5
2023/04/03 20:38,24.2,23,1.8,24.2
2023/04/03 21:38,23.8,23,1.5,23.8
2023/04/03 22:38,23.5,23,1.2,23.5
2023/04/03 23:38,23.2,23,0.9,23.2
2023/04/04 00:38,22.8,24,1.2,22.8
2023/04/04 01:38,22.4,24,0.9,22.4
2023/04/04 02:38,22.1,24,0.6,22.1
2023/04/04 03:38,21.9,24,0.4,21.9
2023/04/04 04:38,21.7,23,-0.3,21.7
2023/04/04 05:38,21.6,23,-0.4,21.6
2023/04/04 06:38,21.3,23,-0.6,21.3
2023/04/04 07:38,20.8,23,-1.1,20.8
2023/04/04 08:38,21.2,23,-0.7,21.2
2023/04/04 09:38,22.0,23,-0.1,22.0
2023/04/04 10:38,22.4,22,-0.3,22.4
2023/04/04 11:38,22.8,22,0.0,22.8
2023/04/04 12:38,23.2,22,0.3,23.2
2023/04/04 13:38,23.5,21,-0.1,23.5
2023/04/04 14:38,23.7,21,0.1,23.7
2023/04/04 15:38,23.7,19,-1.3,23.7
2023/04/04 16:38,24.0,18,-1.8,24.0
2023/04/04 17:38,24.4,18,-1.4,24.4
2023/04/04 18:38,24.5,18,-1.3,24.5
2023/04/04 19:38,24.4,18,-1.4,24.4
2023/04/04 20:38,24.0,18,-1.8,24.0
2023/04/04 21:38,23.9,18,-1.8,23.9
2023/04/04 22:38,23.8,18,-1.9,23.8
2023/04/04 23:38,23.6,18,-2.1,23.6
2023/04/05 00:38,23.5,18,-2.2,23.5
2023/04/05 01:38,23.4,19,-1.5,23.4
2023/04/05 02:38,23.2,19,-1.7,23.2
2023/04/05 03:38,23.0,19,-1.8,23.0
2023/04/05 04:38,22.8,20,-1.3,22.8
2023/04/05 05:38,22.6,20,-1.5,22.6
2023/04/05 06:38,22.4,21,-1.0,22.4
2023/04/05 07:38,22.2,21,-1.1,22.2
2023/04/05 08:38,22.7,21,-0.7,22.7
2023/04/05 09:38,23.4,21,-0.1,23.4
2023/04/05 10:38,24.2,20,-0.1,24.2
2023/04/05 11:38,24.8,20,0.3,24.8
2023/04/05 12:38,25.2,19,0.0,25.2
2023/04/05 13:38,25.3,19,0.0,25.3
2023/04/05 14:38,25.5,19,0.2,25.5
2023/04/05 15:38,25.7,19,0.4,25.7
2023/04/05 16:38,25.8,18,-0.3,25.8
2023/04/05 17:38,25.9,17,-1.0,25.9
2023/04/05 18:38,26.0,18,-0.1,26.0
2023/04/05 19:38,25.9,18,-0.2,25.9
2023/04/05 20:38,25.7,19,0.4,25.7
2023/04/05 21:38,25.4,19,0.1,25.4
2023/04/05 22:38,25.3,19,0.0,25.3
2023/04/05 23:38,25.2,19,0.0,25.2
2023/04/06 00:38,24.9,20,0.4,24.9
2023/04/06 01:38,24.6,21,0.9,24.6
2023/04/06 02:38,24.2,21,0.5,24.2
2023/04/06 03:38,23.9,21,0.3,23.9
2023/04/06 04:38,23.4,21,-0.1,23.4
2023/04/06 05:38,23.1,22,0.2,23.1
2023/04/06 06:38,22.8,22,0.0,22.8
2023/04/06 07:38,22.5,23,0.4,22.5
2023/04/06 08:38,22.9,22,0.1,22.9
2023/04/06 09:38,23.5,23,1.2,23.5
2023/04/06 10:38,24.3,22,1.3,24.3
2023/04/06 11:38,24.9,21,1.1,24.9
2023/04/06 12:38,25.5,20,0.9,25.5
2023/04/06 13:38,25.7,19,0.4,25.7
2023/04/06 14:38,26.0,18,-0.1,26.0
2023/04/06 15:38,26.2,17,-0.7,26.2
2023/04/06 16:38,26.4,17,-0.6,26.4
2023/04/06 17:38,26.2,17,-0.7,26.2
2023/04/06 18:38,26.1,18,0.0,26.1
2023/04/06 19:38,26.1,18,0.0,26.1
2023/04/06 20:38,26.0,19,0.6,26.0
2023/04/06 21:38,25.9,21,1.9,25.9
2023/04/06 22:38,25.8,21,1.9,25.8
2023/04/06 23:38,25.7,22,2.4,25.7
2023/04/07 00:38,25.6,23,3.0,25.6
2023/04/07 01:38,25.6,24,3.6,25.6
2023/04/07 02:38,25.5,24,3.5,25.5
2023/04/07 03:38,25.4,24,3.4,25.4
2023/04/07 04:38,25.3,24,3.3,25.3
2023/04/07 05:38,25.3,25,3.9,25.3
2023/04/07 06:38,25.1,26,4.3,25.1
2023/04/07 07:38,25.0,27,4.7,25.0
2023/04/07 08:38,24.9,27,4.6,24.9
2023/04/07 09:38,24.9,28,5.2,24.9
2023/04/07 10:38,25.1,28,5.3,25.1
2023/04/07 11:38,25.2,28,5.4,25.2
2023/04/07 12:38,25.3,28,5.5,25.3
2023/04/07 13:38,25.6,28,5.8,25.6
2023/04/07 14:38,25.9,27,5.5,25.9
2023/04/07 15:38,26.0,26,5.0,26.0
2023/04/07 16:38,25.7,28,5.9,25.7
2023/04/07 17:38,26.0,28,6.1,26.0
2023/04/07 18:38,26.0,29,6.6,26.0
2023/04/07 19:38,25.9,29,6.5,25.9
2023/04/07 20:38,25.7,29,6.4,25.7
2023/04/07 21:38,25.6,29,6.3,25.6
2023/04/07 22:38,25.3,29,6.0,25.3
2023/04/07 23:38,25.0,29,5.8,25.0
2023/04/08 00:38,24.8,28,5.1,24.8
2023/04/08 01:38,24.4,28,4.7,24.4
2023/04/08 02:38,24.1,28,4.5,24.1
2023/04/08 03:38,23.9,28,4.3,23.9
2023/04/08 04:38,23.5,28,4.0,23.5
2023/04/08 05:38,23.3,28,3.8,23.3
2023/04/08 06:38,23.1,28,3.6,23.1
2023/04/08 07:38,23.0,28,3.5,23.0
2023/04/08 08:38,23.2,28,3.7,23.2
2023/04/08 09:38,23.8,29,4.7,23.8
2023/04/08 10:38,24.2,29,5.1,24.2
2023/04/08 11:38,24.9,29,5.7,24.9
2023/04/08 12:38,25.1,28,5.3,25.1
2023/04/08 13:38,25.2,28,5.4,25.2
2023/04/08 14:38,25.3,27,5.0,25.3
2023/04/08 15:38,25.5,27,5.2,25.5
2023/04/08 16:38,25.7,25,4.2,25.7
2023/04/08 17:38,25.8,25,4.3,25.8
2023/04/08 18:38,25.8,25,4.3,25.8
2023/04/08 19:38,25.8,25,4.3,25.8
2023/04/08 20:38,25.7,25,4.2,25.7
2023/04/08 21:38,25.5,25,4.1,25.5
2023/04/08 22:38,25.4,25,4.0,25.4
2023/04/08 23:38,25.2,26,4.4,25.2
2023/04/09 00:38,25.1,26,4.3,25.1
2023/04/09 01:38,25.0,27,4.7,25.0
2023/04/09 02:38,24.9,27,4.6,24.9
2023/04/09 03:38,24.9,27,4.6,24.9
2023/04/09 04:38,24.7,27,4.5,24.7
2023/04/09 05:38,24.5,27,4.3,24.5
2023/04/09 06:38,24.2,27,4.1,24.2
2023/04/09 07:38,24.0,27,3.9,24.0
2023/04/09 08:38,24.2,27,4.1,24.2
2023/04/09 09:38,24.8,27,4.6,24.8
2023/04/09 10:38,25.2,28,5.4,25.2
2023/04/09 11:38,25.5,28,5.7,25.5
2023/04/09 12:38,25.8,28,5.9,25.8
2023/04/09 13:38,25.9,28,6.0,25.9
2023/04/09 14:38,26.0,28,6.1,26.0
2023/04/09 15:38,26.2,27,5.8,26.2
2023/04/09 16:38,26.3,27,5.8,26.3
2023/04/09 17:38,26.3,27,5.8,26.3
2023/04/09 18:38,26.2,27,5.8,26.2
2023/04/09 19:38,26.1,25,4.6,26.1
2023/04/09 20:38,26.0,24,3.9,26.0
2023/04/09 21:38,25.9,26,5.0,25.9
2023/04/09 22:38,25.8,27,5.4,25.8
2023/04/09 23:38,25.7,27,5.3,25.7
2023/04/10 00:38,25.5,27,5.2,25.5
2023/04/10 01:38,25.4,28,5.6,25.4
2023/04/10 02:38,25.2,28,5.4,25.2
2023/04/10 03:38,25.0,28,5.3,25.0
2023/04/10 04:38,24.9,27,4.6,24.9
2023/04/10 05:38,24.7,27,4.5,24.7
2023/04/10 06:38,24.5,27,4.3,24.5
2023/04/10 07:38,24.4,27,4.2,24.4
2023/04/10 08:38,24.6,27,4.4,24.6
2023/04/10 09:38,25.2,27,4.9,25.2
2023/04/10 10:38,25.5,26,4.6,25.5
2023/04/10 11:38,25.7,26,4.8,25.7
2023/04/10 12:38,26.0,26,5.0,26.0
2023/04/10 13:38,26.1,26,5.1,26.1
2023/04/10 14:38,26.2,27,5.8,26.2
2023/04/10 15:38,26.3,27,5.8,26.3
2023/04/10 16:38,26.3,26,5.3,26.3
2023/04/10 17:38,26.1,26,5.1,26.1
2023/04/10 18:38,25.9,26,5.0,25.9
2023/04/10 19:38,26.0,26,5.0,26.0
2023/04/10 20:38,25.9,25,4.4,25.9
2023/04/10 21:38,25.9,25,4.4,25.9
2023/04/10 22:38,25.8,25,4.3,25.8
2023/04/10 23:38,25.8,26,4.9,25.8
2023/04/11 00:38,25.6,26,4.7,25.6
2023/04/11 01:38,25.6,27,5.2,25.6
2023/04/11 02:38,25.5,27,5.2,25.5
2023/04/11 03:38,25.5,29,6.2,25.5
2023/04/11 04:38,25.4,31,7.1,25.4
2023/04/11 05:38,25.4,32,7.5,25.4
2023/04/11 06:38,25.4,33,8.0,25.4
2023/04/11 07:38,25.4,34,8.4,25.4
2023/04/11 08:38,25.1,33,7.7,25.1
2023/04/11 09:38,25.3,32,7.5,25.3
2023/04/11 10:38,25.4,31,7.1,25.4
2023/04/11 11:38,25.6,31,7.3,25.6
2023/04/11 12:38,25.6,32,7.7,25.6
2023/04/11 13:38,25.9,31,7.5,25.9
2023/04/11 14:38,26.0,32,8.1,26.0
2023/04/11 15:38,26.1,31,7.7,26.1
2023/04/11 16:38,26.3,31,7.9,26.3
2023/04/11 17:38,26.4,31,7.9,26.4
2023/04/11 18:38,26.3,30,7.4,26.3
2023/04/11 19:38,26.3,31,7.9,26.3
2023/04/11 20:38,26.2,31,7.8,26.2
2023/04/11 21:38,26.1,30,7.2,26.1
2023/04/11 22:38,26.0,29,6.6,26.0
2023/04/11 23:38,25.8,29,6.5,25.8
2023/04/12 00:38,25.8,29,6.5,25.8
2023/04/12 01:38,25.8,29,6.5,25.8
2023/04/12 02:38,25.7,30,6.9,25.7
2023/04/12 03:38,25.6,30,6.8,25.6
2023/04/12 04:38,25.6,31,7.3,25.6
2023/04/12 05:38,25.5,31,7.2,25.5
2023/04/12 06:38,25.4,31,7.1,25.4
2023/04/12 07:38,25.4,31,7.1,25.4
2023/04/12 08:38,25.5,31,7.2,25.5
2023/04/12 09:38,25.5,31,7.2,25.5
2023/04/12 10:38,25.6,31,7.3,25.6
2023/04/12 11:38,25.7,31,7.3,25.7
2023/04/12 12:38,25.9,30,7.0,25.9
2023/04/12 13:38,25.9,29,6.5,25.9
2023/04/12 14:38,25.7,32,7.8,25.7
2023/04/12 15:38,25.9,33,8.4,25.9
2023/04/12 16:38,26.0,34,9.0,26.0
2023/04/12 17:38,25.8,35,9.2,25.8
2023/04/12 18:38,25.9,35,9.3,25.9
2023/04/12 19:38,25.7,35,9.1,25.7
2023/04/12 20:38,25.4,34,8.4,25.4
2023/04/12 21:38,25.2,33,7.8,25.2
2023/04/12 22:38,25.2,32,7.4,25.2
2023/04/12 23:38,25.0,30,6.3,25.0
2023/04/13 00:38,25.1,29,5.8,25.1
2023/04/13 01:38,25.1,28,5.3,25.1
2023/04/13 02:38,24.7,28,5.0,24.7
2023/04/13 03:38,24.6,27,4.4,24.6
2023/04/13 04:38,24.4,27,4.2,24.4
2023/04/13 05:38,24.2,26,3.5,24.2
2023/04/13 06:38,23.9,27,3.8,23.9
2023/04/13 07:38,23.8,27,3.7,23.8
2023/04/13 08:38,23.6,28,4.1,23.6
2023/04/13 09:38,23.9,28,4.3,23.9
2023/04/13 10:38,24.2,29,5.1,24.2
2023/04/13 11:38,24.6,29,5.4,24.6
2023/04/13 12:38,24.8,29,5.6,24.8
2023/04/13 13:38,25.3,29,6.0,25.3
2023/04/13 14:38,25.6,28,5.8,25.6
2023/04/13 15:38,25.8,27,5.4,25.8
2023/04/13 16:38,26.1,25,4.6,26.1
2023/04/13 17:38,25.9,24,3.8,25.9
2023/04/13 18:38,25.5,26,4.6,25.5
2023/04/13 19:38,25.9,25,4.4,25.9
2023/04/13 20:38,25.7,26,4.8,25.7
2023/04/13 21:38,25.5,26,4.6,25.5
2023/04/13 22:38,25.2,26,4.4,25.2
2023/04/13 23:38,24.8,27,4.6,24.8
2023/04/14 00:38,24.4,27,4.2,24.4
2023/04/14 01:38,24.1,27,4.0,24.1
2023/04/14 02:38,23.7,27,3.6,23.7
2023/04/14 03:38,23.4,27,3.4,23.4
2023/04/14 04:38,23.1,28,3.6,23.1
2023/04/14 05:38,22.9,28,3.5,22.9
2023/04/14 06:38,22.7,28,3.3,22.7
2023/04/14 07:38,22.7,28,3.3,22.7
2023/04/14 08:38,22.9,28,3.5,22.9
2023/04/14 09:38,23.7,28,4.1,23.7
2023/04/14 10:38,24.5,27,4.3,24.5
2023/04/14 11:38,25.4,26,4.5,25.4
2023/04/14 12:38,25.8,25,4.3,25.8
2023/04/14 13:38,26.1,24,4.0,26.1
2023/04/14 14:38,26.3,23,3.5,26.3
2023/04/14 15:38,26.3,23,3.5,26.3
2023/04/14 16:38,26.3,23,3.5,26.3
2023/04/14 17:38,26.2,23,3.5,26.2
2023/04/14 18:38,26.0,24,3.9,26.0
2023/04/14 19:38,26.0,24,3.9,26.0
2023/04/14 20:38,25.8,25,4.3,25.8
2023/04/14 21:38,25.8,26,4.9,25.8
2023/04/14 22:38,25.7,27,5.3,25.7
2023/04/14 23:38,25.5,28,5.7,25.5
2023/04/15 00:38,25.4,30,6.6,25.4
2023/04/15 01:38,25.3,31,7.0,25.3
2023/04/15 02:38,25.1,31,6.8,25.1
2023/04/15 03:38,24.9,32,7.1,24.9
2023/04/15 04:38,24.8,32,7.0,24.8
2023/04/15 05:38,24.7,32,6.9,24.7
2023/04/15 06:38,24.6,32,6.8,24.6
2023/04/15 07:38,24.5,33,7.2,24.5
2023/04/15 08:38,24.5,33,7.2,24.5
2023/04/15 09:38,24.6,33,7.3,24.6
2023/04/15 10:38,24.6,33,7.3,24.6
2023/04/15 11:38,24.6,32,6.8,24.6
2023/04/15 12:38,24.9,31,6.6,24.9
2023/04/15 13:38,25.0,31,6.7,25.0
2023/04/15 14:38,25.4,30,6.6,25.4
2023/04/15 15:38,25.8,29,6.5,25.8
2023/04/15 16:38,26.0,29,6.6,26.0
2023/04/15 17:38,26.0,29,6.6,26.0
2023/04/15 18:38,25.9,29,6.5,25.9
2023/04/15 19:38,25.8,29,6.5,25.8
2023/04/15 20:38,25.8,30,6.9,25.8
2023/04/15 21:38,25.6,31,7.3,25.6
2023/04/15 22:38,25.5,32,7.6,25.5
2023/04/15 23:38,25.3,33,7.9,25.3
2023/04/16 00:38,25.1,33,7.7,25.1
2023/04/16 01:38,24.9,33,7.6,24.9
2023/04/16 02:38,24.8,33,7.5,24.8
2023/04/16 03:38,24.6,33,7.3,24.6
2023/04/16 04:38,24.4,33,7.1,24.4
2023/04/16 05:38,24.3,33,7.0,24.3
2023/04/16 06:38,24.1,33,6.9,24.1
2023/04/16 07:38,24.0,33,6.8,24.0
2023/04/16 08:38,24.0,33,6.8,24.0
2023/04/16 09:38,24.3,33,7.0,24.3
2023/04/16 10:38,24.6,33,7.3,24.6
2023/04/16 11:38,25.0,33,7.6,25.0
2023/04/16 12:38,25.4,31,7.1,25.4
2023/04/16 13:38,25.5,31,7.2,25.5
2023/04/16 14:38,25.7,30,6.9,25.7
2023/04/16 15:38,25.8,30,6.9,25.8
2023/04/16 16:38,26.0,30,7.1,26.0
2023/04/16 17:38,25.9,30,7.0,25.9
2023/04/16 18:38,25.8,30,6.9,25.8
2023/04/16 19:38,25.7,30,6.9,25.7
2023/04/16 20:38,25.6,29,6.3,25.6
2023/04/16 21:38,25.3,29,6.0,25.3
2023/04/16 22:38,25.1,29,5.8,25.1
2023/04/16 23:38,25.0,29,5.8,25.0
2023/04/17 00:38,24.9,30,6.2,24.9
2023/04/17 01:38,24.7,30,6.0,24.7
2023/04/17 02:38,24.6,30,5.9,24.6
2023/04/17 03:38,24.4,30,5.7,24.4
2023/04/17 04:38,24.4,30,5.7,24.4
2023/04/17 05:38,24.3,30,5.6,24.3
2023/04/17 06:38,24.3,31,6.1,24.3
2023/04/17 07:38,24.3,31,6.1,24.3
2023/04/17 08:38,24.4,31,6.2,24.4
2023/04/17 09:38,24.6,32,6.8,24.6
2023/04/17 10:38,24.7,31,6.5,24.7
2023/04/17 11:38,24.8,31,6.6,24.8
2023/04/17 12:38,24.7,30,6.0,24.7
2023/04/17 13:38,25.0,30,6.3,25.0
2023/04/17 14:38,25.2,30,6.4,25.2
2023/04/17 15:38,25.3,29,6.0,25.3
2023/04/17 16:38,25.5,29,6.2,25.5
2023/04/17 17:38,25.7,28,5.9,25.7
2023/04/17 18:38,25.7,28,5.9,25.7
2023/04/17 19:38,25.7,28,5.9,25.7
2023/04/17 20:38,25.5,28,5.7,25.5
2023/04/17 21:38,25.4,28,5.6,25.4
2023/04/17 22:38,25.1,28,5.3,25.1
2023/04/17 23:38,25.0,29,5.8,25.0
2023/04/18 00:38,25.0,29,5.8,25.0
2023/04/18 01:38,24.9,29,5.7,24.9
2023/04/18 02:38,24.9,30,6.2,24.9
2023/04/18 03:38,24.9,30,6.2,24.9
2023/04/18 04:38,24.9,30,6.2,24.9
2023/04/18 05:38,24.9,30,6.2,24.9
2023/04/18 06:38,24.9,31,6.6,24.9
2023/04/18 07:38,24.8,31,6.6,24.8
2023/04/18 08:38,24.8,31,6.6,24.8
2023/04/18 09:38,24.9,31,6.6,24.9
2023/04/18 10:38,25.2,31,6.9,25.2
2023/04/18 11:38,25.6,30,6.8,25.6
2023/04/18 12:38,25.9,30,7.0,25.9
2023/04/18 13:38,26.0,30,7.1,26.0
2023/04/18 14:38,26.1,30,7.2,26.1
2023/04/18 15:38,26.3,29,6.9,26.3
2023/04/18 16:38,26.3,29,6.9,26.3
2023/04/18 17:38,26.4,28,6.5,26.4
2023/04/18 18:38,26.4,28,6.5,26.4
2023/04/18 19:38,26.2,29,6.8,26.2
2023/04/18 20:38,26.0,29,6.6,26.0
2023/04/18 21:38,25.8,29,6.5,25.8
2023/04/18 22:38,25.8,30,6.9,25.8
2023/04/18 23:38,25.7,30,6.9,25.7
2023/04/19 00:38,25.7,30,6.9,25.7
2023/04/19 01:38,25.6,30,6.8,25.6
2023/04/19 02:39,25.5,31,7.2,25.5
2023/04/19 03:39,25.4,31,7.1,25.4
2023/04/19 04:39,25.3,31,7.0,25.3
2023/04/19 05:39,25.3,32,7.5,25.3
2023/04/19 06:39,25.2,32,7.4,25.2
2023/04/19 07:39,25.2,32,7.4,25.2
2023/04/19 08:39,25.2,32,7.4,25.2
2023/04/19 09:39,25.3,32,7.5,25.3
2023/04/19 10:39,25.4,32,7.5,25.4
2023/04/19 11:39,25.6,32,7.7,25.6
2023/04/19 12:39,25.7,32,7.8,25.7
2023/04/19 13:39,26.0,31,7.6,26.0
2023/04/19 14:39,26.2,31,7.8,26.2
2023/04/19 15:39,26.2,32,8.2,26.2
2023/04/19 16:39,26.2,34,9.1,26.2
2023/04/19 17:39,26.2,35,9.6,26.2
2023/04/19 18:39,26.2,36,10.0,26.2
2023/04/19 19:39,26.4,37,10.6,26.4
2023/04/19 20:39,26.2,37,10.4,26.2
2023/04/19 21:39,26.0,37,10.2,26.0
2023/04/19 22:39,25.8,36,9.6,25.8
2023/04/19 23:39,25.7,35,9.1,25.7
2023/04/20 00:39,25.6,35,9.0,25.6
2023/04/20 01:39,25.5,35,8.9,25.5
2023/04/20 02:39,25.3,34,8.3,25.3
2023/04/20 03:39,25.2,33,7.8,25.2
2023/04/20 04:39,25.0,33,7.6,25.0
2023/04/20 05:39,24.9,32,7.1,24.9
2023/04/20 06:39,24.9,32,7.1,24.9
2023/04/20 07:39,24.9,31,6.6,24.9
2023/04/20 08:39,24.8,31,6.6,24.8
2023/04/20 09:39,24.9,30,6.2,24.9
2023/04/20 10:39,24.9,31,6.6,24.9
2023/04/20 11:39,25.1,31,6.8,25.1
2023/04/20 12:39,25.2,31,6.9,25.2
2023/04/20 13:39,25.2,31,6.9,25.2
2023/04/20 14:39,25.2,31,6.9,25.2
2023/04/20 15:39,25.3,31,7.0,25.3
2023/04/20 16:39,25.3,31,7.0,25.3
2023/04/20 17:39,25.4,31,7.1,25.4
2023/04/20 18:39,25.5,31,7.2,25.5
2023/04/20 19:39,25.4,31,7.1,25.4
2023/04/20 20:39,25.3,31,7.0,25.3
2023/04/20 21:39,25.2,31,6.9,25.2
2023/04/20 22:39,25.1,31,6.8,25.1
2023/04/20 23:39,25.1,31,6.8,25.1
2023/04/21 00:39,25.0,31,6.7,25.0
2023/04/21 01:39,24.9,31,6.6,24.9
2023/04/21 02:39,24.9,31,6.6,24.9
2023/04/21 03:39,24.8,31,6.6,24.8
2023/04/21 04:39,24.7,31,6.5,24.7
2023/04/21 05:39,24.7,31,6.5,24.7
2023/04/21 06:39,24.6,31,6.4,24.6
2023/04/21 07:39,24.5,32,6.8,24.5
2023/04/21 08:39,24.6,32,6.8,24.6
2023/04/21 09:39,24.8,32,7.0,24.8
2023/04/21 10:39,24.9,32,7.1,24.9
2023/04/21 11:39,25.0,32,7.2,25.0
2023/04/21 12:39,24.8,33,7.5,24.8
2023/04/21 13:39,25.3,33,7.9,25.3
2023/04/21 14:39,25.5,33,8.1,25.5
2023/04/21 15:39,25.8,33,8.3,25.8
2023/04/21 16:39,25.9,33,8.4,25.9
2023/04/21 17:39,25.9,32,8.0,25.9
2023/04/21 18:39,25.9,32,8.0,25.9
2023/04/21 19:39,25.8,33,8.3,25.8
2023/04/21 20:39,25.8,33,8.3,25.8
2023/04/21 21:39,25.7,33,8.3,25.7
2023/04/21 22:39,25.5,34,8.5,25.5
2023/04/21 23:39,25.5,34,8.5,25.5
2023/04/22 00:39,25.3,34,8.3,25.3
2023/04/22 01:39,25.2,33,7.8,25.2
2023/04/22 02:39,25.0,33,7.6,25.0
2023/04/22 03:39,24.9,33,7.6,24.9
2023/04/22 04:39,24.8,33,7.5,24.8
2023/04/22 05:39,24.6,33,7.3,24.6
2023/04/22 06:39,24.5,33,7.2,24.5
2023/04/22 07:39,24.4,33,7.1,24.4
2023/04/22 08:39,24.6,34,7.7,24.6
2023/04/22 09:39,24.9,34,8.0,24.9
2023/04/22 10:39,25.0,35,8.5,25.0
2023/04/22 11:39,25.2,35,8.7,25.2
2023/04/22 12:39,25.3,35,8.8,25.3
2023/04/22 13:39,25.4,36,9.3,25.4
2023/04/22 14:39,25.5,36,9.4,25.5
2023/04/22 15:39,25.5,37,9.8,25.5
2023/04/22 16:39,25.6,37,9.9,25.6
2023/04/22 17:39,25.6,37,9.9,25.6
2023/04/22 18:39,25.7,37,10.0,25.7
2023/04/22 19:39,25.7,37,10.0,25.7
2023/04/22 20:39,25.6,38,10.3,25.6
2023/04/22 21:39,25.5,36,9.4,25.5
2023/04/22 22:39,25.4,35,8.9,25.4
2023/04/22 23:39,25.3,35,8.8,25.3
2023/04/23 00:39,25.3,37,9.6,25.3
2023/04/23 01:39,25.3,38,10.0,25.3
2023/04/23 02:39,25.3,38,10.0,25.3
2023/04/23 03:39,25.4,38,10.1,25.4
2023/04/23 04:39,25.4,38,10.1,25.4
2023/04/23 05:39,25.4,38,10.1,25.4
2023/04/23 06:39,25.3,37,9.6,25.3
2023/04/23 07:39,25.3,38,10.0,25.3
2023/04/23 08:39,25.5,37,9.8,25.5
2023/04/23 09:39,25.8,37,10.0,25.8
2023/04/23 10:39,26.0,37,10.2,26.0
2023/04/23 11:39,26.1,37,10.3,26.1
2023/04/23 12:39,26.1,36,9.9,26.1
2023/04/23 13:39,26.0,34,9.0,26.0
2023/04/23 14:39,26.1,33,8.6,26.1
2023/04/23 15:39,26.0,33,8.5,26.0
2023/04/23 16:39,25.9,31,7.5,25.9
2023/04/23 17:39,25.6,33,8.2,25.6
2023/04/23 18:39,25.9,35,9.3,25.9
2023/04/23 19:39,25.8,35,9.2,25.8
2023/04/23 20:39,25.7,35,9.1,25.7
2023/04/23 21:39,25.7,35,9.1,25.7
2023/04/23 22:39,25.4,35,8.9,25.4
2023/04/23 23:39,25.4,36,9.3,25.4
2023/04/24 00:39,25.3,36,9.2,25.3
2023/04/24 01:39,25.3,37,9.6,25.3
2023/04/24 02:39,25.3,37,9.6,25.3
2023/04/24 03:39,25.2,37,9.5,25.2
2023/04/24 04:39,25.2,37,9.5,25.2
2023/04/24 05:39,25.2,37,9.5,25.2
2023/04/24 06:39,25.1,37,9.4,25.1
2023/04/24 07:39,25.2,37,9.5,25.2
2023/04/24 08:39,25.3,37,9.6,25.3
2023/04/24 09:39,25.0,34,8.1,25.0
2023/04/24 10:39,25.2,32,7.4,25.2
2023/04/24 11:39,25.6,31,7.3,25.6
2023/04/24 12:39,25.7,29,6.4,25.7
2023/04/24 13:39,26.0,28,6.1,26.0
2023/04/24 14:39,26.2,27,5.8,26.2
2023/04/24 15:39,26.3,26,5.3,26.3
2023/04/24 16:39,26.4,26,5.4,26.4
2023/04/24 17:39,26.4,26,5.4,26.4
2023/04/24 18:39,26.3,26,5.3,26.3
2023/04/24 19:39,26.4,26,5.4,26.4
2023/04/24 20:39,26.2,26,5.2,26.2
2023/04/24 21:39,26.1,26,5.1,26.1
2023/04/24 22:39,26.0,27,5.6,26.0
2023/04/24 23:39,25.9,27,5.5,25.9
2023/04/25 00:39,25.8,27,5.4,25.8
2023/04/25 01:39,25.7,28,5.9,25.7
2023/04/25 02:39,25.6,28,5.8,25.6
2023/04/25 03:39,25.6,30,6.8,25.6
2023/04/25 04:39,25.5,30,6.7,25.5
2023/04/25 05:39,25.2,32,7.4,25.2
2023/04/25 06:39,25.0,32,7.2,25.0
2023/04/25 07:39,25.1,33,7.7,25.1
2023/04/25 08:39,25.1,33,7.7,25.1
2023/04/25 09:39,25.5,31,7.2,25.5
2023/04/25 10:39,25.5,29,6.2,25.5
2023/04/25 11:39,25.7,29,6.4,25.7
2023/04/25 12:39,25.7,30,6.9,25.7
2023/04/25 13:39,25.8,29,6.5,25.8
2023/04/25 14:39,26.1,27,5.7,26.1
2023/04/25 15:39,26.3,27,5.8,26.3
2023/04/25 16:39,26.5,26,5.5,26.5
2023/04/25 17:39,26.5,26,5.5,26.5
2023/04/25 18:39,26.5,25,4.9,26.5
2023/04/25 19:39,26.5,26,5.5,26.5
2023/04/25 20:39,26.3,26,5.3,26.3
2023/04/25 21:39,26.2,27,5.8,26.2
2023/04/25 22:39,26.0,27,5.6,26.0
2023/04/25 23:39,25.8,27,5.4,25.8
2023/04/26 00:39,25.7,28,5.9,25.7
2023/04/26 01:39,25.4,28,5.6,25.4
2023/04/26 02:39,25.0,28,5.3,25.0
2023/04/26 03:39,24.6,28,4.9,24.6
2023/04/26 04:39,24.3,28,4.7,24.3
2023/04/26 05:39,24.0,28,4.4,24.0
2023/04/26 06:39,23.7,28,4.1,23.7
2023/04/26 07:39,23.6,28,4.1,23.6
2023/04/26 08:39,24.1,28,4.5,24.1
2023/04/26 09:39,24.8,29,5.6,24.8
2023/04/26 10:39,25.5,28,5.7,25.5
2023/04/26 11:39,25.9,28,6.0,25.9
2023/04/26 12:39,26.2,27,5.8,26.2
2023/04/26 13:39,26.3,27,5.8,26.3
2023/04/26 14:39,26.5,25,4.9,26.5
2023/04/26 15:39,26.6,25,5.0,26.6
2023/04/26 16:39,25.9,26,5.0,25.9
2023/04/26 17:39,25.6,26,4.7,25.6
2023/04/26 18:39,25.2,26,4.4,25.2
2023/04/26 19:39,24.6,27,4.4,24.6
2023/04/26 20:39,24.1,28,4.5,24.1
2023/04/26 21:39,23.7,29,4.6,23.7
2023/04/26 22:39,23.5,29,4.5,23.5
2023/04/26 23:39,23.4,29,4.4,23.4
2023/04/27 00:39,23.3,30,4.8,23.3
2023/04/27 01:39,23.0,32,5.4,23.0
2023/04/27 02:39,22.7,33,5.6,22.7
2023/04/27 03:39,22.5,34,5.9,22.5
2023/04/27 04:39,22.4,34,5.8,22.4
2023/04/27 05:39,22.3,34,5.7,22.3
2023/04/27 06:39,22.3,34,5.7,22.3
2023/04/27 07:39,22.3,34,5.7,22.3
2023/04/27 08:39,22.4,34,5.8,22.4
2023/04/27 09:39,22.7,33,5.6,22.7
2023/04/27 10:39,22.9,33,5.8,22.9
2023/04/27 11:39,23.1,32,5.5,23.1
2023/04/27 12:39,23.1,32,5.5,23.1
2023/04/27 13:39,23.7,32,6.1,23.7
2023/04/27 14:39,24.0,31,5.9,24.0
2023/04/27 15:39,24.3,31,6.1,24.3
2023/04/27 16:39,24.8,30,6.1,24.8
2023/04/27 17:39,25.3,30,6.5,25.3
2023/04/27 18:39,25.6,29,6.3,25.6
2023/04/27 19:39,25.5,29,6.2,25.5
2023/04/27 20:39,25.0,30,6.3,25.0
2023/04/27 21:39,24.5,32,6.8,24.5
2023/04/27 22:39,24.0,33,6.8,24.0
2023/04/27 23:39,23.7,34,6.9,23.7
2023/04/28 00:39,23.3,35,7.0,23.3
2023/04/28 01:39,23.1,35,6.8,23.1
2023/04/28 02:39,23.0,36,7.2,23.0
2023/04/28 03:39,22.9,37,7.5,22.9
2023/04/28 04:39,22.8,38,7.8,22.8
2023/04/28 05:39,22.7,38,7.7,22.7
2023/04/28 06:39,22.7,38,7.7,22.7
2023/04/28 07:39,22.7,39,8.1,22.7
2023/04/28 08:39,22.6,39,8.0,22.6
2023/04/28 09:39,22.7,40,8.4,22.7
2023/04/28 10:39,22.8,40,8.5,22.8
2023/04/28 11:39,23.3,40,9.0,23.3
2023/04/28 12:39,23.7,41,9.7,23.7
2023/04/28 13:39,24.0,41,10.0,24.0
2023/04/28 14:39,24.5,41,10.4,24.5
2023/04/28 15:39,24.9,40,10.4,24.9
2023/04/28 16:39,25.2,40,10.7,25.2
2023/04/28 17:39,25.4,40,10.9,25.4
2023/04/28 18:39,25.4,41,11.2,25.4
2023/04/28 19:39,25.2,41,11.0,25.2
2023/04/28 20:39,25.0,42,11.2,25.0
2023/04/28 21:39,24.6,43,11.2,24.6
2023/04/28 22:39,24.2,46,11.9,24.2
2023/04/28 23:39,23.8,49,12.5,23.8
2023/04/29 00:39,23.6,51,12.9,23.6
2023/04/29 01:39,23.5,52,13.1,23.5
2023/04/29 02:39,23.3,53,13.2,23.3
2023/04/29 03:39,23.1,54,13.3,23.1
2023/04/29 04:39,22.9,54,13.1,22.9
2023/04/29 05:39,22.7,55,13.2,22.7
2023/04/29 06:39,22.4,55,12.9,22.4
2023/04/29 07:39,22.2,56,13.0,22.2
2023/04/29 08:39,22.0,57,13.1,22.0
2023/04/29 09:39,21.8,57,12.9,21.8
2023/04/29 10:39,21.7,58,13.1,21.7
2023/04/29 11:39,21.7,59,13.4,21.7
2023/04/29 12:39,21.7,59,13.4,21.7
2023/04/29 13:39,21.6,59,13.3,21.6
2023/04/29 14:39,21.7,59,13.4,21.7
2023/04/29 15:39,21.9,59,13.6,21.9
2023/04/29 16:39,22.0,59,13.6,22.0
2023/04/29 17:39,22.1,58,13.5,22.1
2023/04/29 18:39,22.2,57,13.3,22.2
2023/04/29 19:39,22.3,56,13.1,22.3
2023/04/29 20:39,22.1,57,13.2,22.1
2023/04/29 21:39,21.8,57,12.9,21.8
2023/04/29 22:39,21.4,57,12.6,21.4
2023/04/29 23:39,21.0,57,12.2,21.0
2023/04/30 00:39,20.6,56,11.5,20.6
2023/04/30 01:39,20.2,56,11.2,20.2
2023/04/30 02:39,19.8,56,10.8,19.8
2023/04/30 03:39,19.6,55,10.3,19.6
2023/04/30 04:39,19.4,55,10.2,19.4
2023/04/30 05:39,19.1,55,9.9,19.1
2023/04/30 06:39,18.9,55,9.7,18.9
2023/04/30 07:39,18.7,54,9.2,18.7
2023/04/30 08:39,18.6,54,9.1,18.6
2023/04/30 09:39,18.6,54,9.1,18.6
2023/04/30 10:39,18.6,55,9.4,18.6
2023/04/30 11:39,18.7,55,9.5,18.7
2023/04/30 12:39,18.9,54,9.4,18.9
2023/04/30 13:39,19.2,54,9.7,19.2
2023/04/30 14:39,19.4,53,9.6,19.4
2023/04/30 15:39,19.7,53,9.9,19.7
2023/04/30 16:39,19.9,53,10.1,19.9
2023/04/30 17:39,20.1,52,10.0,20.1
2023/04/30 18:39,20.1,52,10.0,20.1
2023/04/30 19:39,20.2,53,10.3,20.2
2023/04/30 20:39,20.2,53,10.3,20.2
2023/04/30 21:39,20.0,55,10.7,20.0
2023/04/30 22:39,19.9,55,10.6,19.9
2023/04/30 23:39,19.6,55,10.3,19.6
2023/05/01 00:39,19.4,55,10.2,19.4
2023/05/01 01:39,19.2,56,10.2,19.2
2023/05/01 02:39,18.9,56,10.0,18.9
2023/05/01 03:39,18.6,57,9.9,18.6
2023/05/01 04:39,18.3,57,9.7,18.3
2023/05/01 05:39,18.0,58,9.6,18.0
2023/05/01 06:39,17.8,58,9.4,17.8
2023/05/01 07:39,17.6,59,9.5,17.6
2023/05/01 08:39,17.5,60,9.7,17.5
2023/05/01 09:39,17.4,60,9.6,17.4
2023/05/01 10:39,17.4,60,9.6,17.4
2023/05/01 11:39,17.6,60,9.8,17.6
2023/05/01 12:39,17.9,60,10.0,17.9
2023/05/01 13:39,18.2,58,9.8,18.2
2023/05/01 14:39,18.5,57,9.8,18.5
2023/05/01 15:39,18.9,56,10.0,18.9
2023/05/01 16:39,19.2,54,9.7,19.2
2023/05/01 17:39,19.4,53,9.6,19.4
2023/05/01 18:39,19.7,50,9.0,19.7
2023/05/01 19:39,19.8,50,9.1,19.8
2023/05/01 20:39,19.6,50,8.9,19.6
2023/05/01 21:39,19.4,50,8.7,19.4
2023/05/01 22:39,19.1,50,8.5,19.1
2023/05/01 23:39,18.8,50,8.2,18.8
2023/05/02 00:39,18.5,51,8.2,18.5
2023/05/02 01:39,18.3,52,8.3,18.3
2023/05/02 02:39,18.0,53,8.3,18.0
2023/05/02 03:39,17.7,53,8.0,17.7
2023/05/02 04:39,17.4,54,8.0,17.4
2023/05/02 05:39,17.1,54,7.7,17.1
2023/05/02 06:39,16.8,55,7.7,16.8
2023/05/02 07:39,16.7,54,7.4,16.7
2023/05/02 08:39,16.8,54,7.5,16.8
2023/05/02 09:39,17.4,53,7.7,17.4
2023/05/02 10:39,18.1,51,7.8,18.1
2023/05/02 11:39,18.7,49,7.8,18.7
2023/05/02 12:39,19.1,48,7.9,19.1
2023/05/02 13:39,19.4,46,7.5,19.4
2023/05/02 14:39,19.7,43,6.8,19.7
2023/05/02 15:39,20.1,42,6.8,20.1
2023/05/02 16:39,20.5,41,6.8,20.5
2023/05/02 17:39,20.8,40,6.7,20.8
2023/05/02 18:39,21.0,39,6.5,21.0
2023/05/02 19:39,21.0,39,6.5,21.0
2023/05/02 20:39,20.7,39,6.3,20.7
2023/05/02 21:39,20.3,41,6.6,20.3
2023/05/02 22:39,19.9,42,6.6,19.9
2023/05/02 23:39,19.5,43,6.6,19.5
2023/05/03 00:39,19.1,43,6.3,19.1
2023/05/03 01:39,18.7,45,6.5,18.7
2023/05/03 02:39,18.3,46,6.5,18.3
2023/05/03 03:39,17.9,47,6.5,17.9
2023/05/03 04:39,17.6,48,6.5,17.6
2023/05/03 05:39,17.2,50,6.7,17.2
2023/05/03 06:39,16.9,51,6.7,16.9
2023/05/03 07:39,16.7,52,6.8,16.7
2023/05/03 08:39,16.9,52,7.0,16.9
2023/05/03 09:39,17.4,52,7.5,17.4
2023/05/03 10:39,18.1,51,7.8,18.1
2023/05/03 11:39,18.7,49,7.8,18.7
2023/05/03 12:39,19.2,48,7.9,19.2
2023/05/03 13:39,19.6,46,7.7,19.6
2023/05/03 14:39,20.1,45,7.8,20.1
2023/05/03 15:39,20.6,44,7.9,20.6
2023/05/03 16:39,21.1,43,8.1,21.1
2023/05/03 17:39,21.6,41,7.8,21.6
2023/05/03 18:39,22.0,40,7.8,22.0
2023/05/03 19:39,22.1,40,7.9,22.1
2023/05/03 20:39,21.8,41,8.0,21.8
2023/05/03 21:39,21.4,43,8.3,21.4
2023/05/03 22:39,21.0,44,8.3,21.0
2023/05/03 23:39,20.5,45,8.2,20.5
2023/05/04 00:39,20.0,47,8.4,20.0
2023/05/04 01:39,19.5,48,8.2,19.5
2023/05/04 02:39,19.0,49,8.1,19.0
2023/05/04 03:39,18.5,50,7.9,18.5
2023/05/04 04:39,18.1,51,7.8,18.1
2023/05/04 05:39,17.6,51,7.4,17.6
2023/05/04 06:39,17.2,52,7.3,17.2
2023/05/04 07:39,17.0,52,7.1,17.0
2023/05/04 08:39,17.2,52,7.3,17.2
2023/05/04 09:39,17.8,52,7.8,17.8
2023/05/04 10:39,18.6,51,8.3,18.6
2023/05/04 11:39,19.5,50,8.8,19.5
2023/05/04 12:39,20.3,49,9.3,20.3
2023/05/04 13:39,21.0,48,9.6,21.0
2023/05/04 14:39,21.9,47,10.1,21.9
2023/05/04 15:39,22.6,43,9.4,22.6
2023/05/04 16:39,23.2,41,9.2,23.2
2023/05/04 17:39,23.8,39,9.0,23.8
2023/05/04 18:39,24.2,37,8.6,24.2
2023/05/04 19:39,24.0,37,8.4,24.0
2023/05/04 20:39,23.7,37,8.2,23.7
2023/05/04 21:39,23.3,37,7.8,23.3
2023/05/04 22:39,22.9,38,7.9,22.9
2023/05/04 23:39,22.5,39,7.9,22.5
2023/05/05 00:39,22.1,40,7.9,22.1
2023/05/05 01:39,21.8,40,7.6,21.8
2023/05/05 02:39,21.4,41,7.6,21.4
2023/05/05 03:39,21.1,42,7.7,21.1
2023/05/05 04:39,20.7,42,7.4,20.7
2023/05/05 05:39,20.3,44,7.7,20.3
2023/05/05 06:39,20.1,45,7.8,20.1
2023/05/05 07:39,19.9,46,8.0,19.9
2023/05/05 08:39,19.9,46,8.0,19.9
2023/05/05 09:39,20.3,46,8.3,20.3
2023/05/05 10:39,20.9,45,8.6,20.9
2023/05/05 11:39,21.7,42,8.3,21.7
2023/05/05 12:39,22.4,41,8.5,22.4
2023/05/05 13:39,23.1,40,8.8,23.1
2023/05/05 14:39,23.5,39,8.8,23.5
2023/05/05 15:39,24.0,39,9.2,24.0
2023/05/05 16:39,24.7,38,9.5,24.7
2023/05/05 17:39,25.1,38,9.8,25.1
2023/05/05 18:39,25.3,38,10.0,25.3
2023/05/05 19:39,25.3,39,10.4,25.3
2023/05/05 20:39,24.9,40,10.4,24.9
2023/05/05 21:39,24.4,41,10.3,24.4
2023/05/05 22:39,23.9,42,10.2,23.9
2023/05/05 23:39,23.6,43,10.3,23.6
2023/05/06 00:39,23.3,44,10.4,23.3
2023/05/06 01:39,22.8,45,10.3,22.8
2023/05/06 02:39,22.4,47,10.6,22.4
2023/05/06 03:39,21.9,48,10.4,21.9
2023/05/06 04:39,21.5,49,10.4,21.5
2023/05/06 05:39,21.2,50,10.4,21.2
2023/05/06 06:39,20.9,51,10.4,20.9
2023/05/06 07:39,20.7,51,10.2,20.7
2023/05/06 08:39,20.7,52,10.5,20.7
2023/05/06 09:39,21.2,51,10.7,21.2
2023/05/06 10:39,21.7,51,11.2,21.7
2023/05/06 11:39,22.3,50,11.4,22.3
2023/05/06 12:39,22.9,49,11.6,22.9
2023/05/06 13:39,23.6,48,12.0,23.6
2023/05/06 14:39,24.3,47,12.3,24.3
2023/05/06 15:39,25.0,45,12.3,25.0
2023/05/06 16:39,25.7,45,12.9,25.7
2023/05/06 17:39,26.2,44,13.0,26.2
2023/05/06 18:39,26.1,43,12.6,26.1
2023/05/06 19:39,25.7,43,12.2,25.7
2023/05/06 20:39,25.2,43,11.8,25.2
2023/05/06 21:39,24.8,44,11.8,24.8
2023/05/06 22:39,24.3,45,11.6,24.3
2023/05/06 23:39,23.8,47,11.8,23.8
2023/05/07 00:39,23.3,48,11.7,23.3
2023/05/07 01:39,22.8,49,11.6,22.8
2023/05/07 02:39,22.4,50,11.5,22.4
2023/05/07 03:39,21.9,50,11.0,21.9
2023/05/07 04:39,21.4,51,10.9,21.4
2023/05/07 05:39,21.1,52,10.9,21.1
2023/05/07 06:39,20.8,51,10.3,20.8
2023/05/07 07:39,20.6,50,9.8,20.6
2023/05/07 08:39,20.6,50,9.8,20.6
2023/05/07 09:39,20.7,50,9.9,20.7
2023/05/07 10:39,20.9,50,10.1,20.9
2023/05/07 11:39,21.3,50,10.5,21.3
2023/05/07 12:39,21.5,49,10.4,21.5
2023/05/07 13:39,21.8,49,10.6,21.8
2023/05/07 14:39,22.0,49,10.8,22.0
2023/05/07 15:39,22.0,50,11.1,22.0
2023/05/07 16:39,21.9,51,11.3,21.9
2023/05/07 17:39,21.8,52,11.5,21.8
2023/05/07 18:39,21.7,52,11.4,21.7
2023/05/07 19:39,21.6,51,11.1,21.6
2023/05/07 20:39,21.3,52,11.1,21.3
2023/05/07 21:39,21.1,53,11.2,21.1
2023/05/07 22:39,20.8,54,11.2,20.8
2023/05/07 23:39,20.5,55,11.2,20.5
2023/05/08 00:39,20.3,55,11.0,20.3
2023/05/08 01:39,20.1,56,11.1,20.1
2023/05/08 02:39,19.8,57,11.1,19.8
2023/05/08 03:39,19.6,57,10.9,19.6
2023/05/08 04:39,19.4,58,10.9,19.4
2023/05/08 05:39,19.1,58,10.7,19.1
2023/05/08 06:39,18.9,59,10.7,18.9
2023/05/08 07:39,18.7,60,10.8,18.7
2023/05/08 08:39,18.7,60,10.8,18.7
2023/05/08 09:39,19.0,60,11.1,19.0
2023/05/08 10:39,19.8,59,11.6,19.8
2023/05/08 11:39,20.5,57,11.7,20.5
2023/05/08 12:39,21.4,55,12.0,21.4
2023/05/08 13:39,21.7,54,12.0,21.7
2023/05/08 14:39,21.7,54,12.0,21.7
2023/05/08 15:39,22.0,53,12.0,22.0
2023/05/08 16:39,22.6,50,11.7,22.6
2023/05/08 17:39,23.2,49,11.9,23.2
2023/05/08 18:39,23.3,48,11.7,23.3
2023/05/08 19:39,23.2,48,11.6,23.2
2023/05/08 20:39,23.0,48,11.4,23.0
2023/05/08 21:39,22.6,48,11.1,22.6
2023/05/08 22:39,22.2,48,10.7,22.2
2023/05/08 23:39,21.7,49,10.5,21.7
2023/05/09 00:39,21.4,50,10.6,21.4
2023/05/09 01:39,20.9,50,10.1,20.9
2023/05/09 02:39,20.6,51,10.1,20.6
2023/05/09 03:39,20.1,52,10.0,20.1
2023/05/09 04:39,19.8,53,10.0,19.8
2023/05/09 05:39,19.4,54,9.9,19.4
2023/05/09 06:39,19.1,54,9.6,19.1
2023/05/09 07:39,18.9,55,9.7,18.9
2023/05/09 08:39,18.8,56,9.9,18.8
2023/05/09 09:39,18.9,56,10.0,18.9
2023/05/09 10:39,19.4,56,10.4,19.4
2023/05/09 11:39,20.1,54,10.5,20.1
2023/05/09 12:39,20.7,54,11.1,20.7
2023/05/09 13:39,21.0,54,11.4,21.0
2023/05/09 14:39,21.3,54,11.6,21.3
2023/05/09 15:39,21.3,55,11.9,21.3
2023/05/09 16:39,21.3,56,12.2,21.3
2023/05/09 17:39,21.0,57,12.2,21.0
2023/05/09 18:39,20.8,58,12.3,20.8
2023/05/09 19:39,20.5,59,12.2,20.5
2023/05/09 20:39,20.1,59,11.9,20.1
2023/05/09 21:39,19.8,60,11.8,19.8
2023/05/09 22:39,19.5,61,11.8,19.5
2023/05/09 23:39,19.2,60,11.3,19.2
2023/05/10 00:39,19.0,60,11.1,19.0
2023/05/10 01:39,18.7,61,11.1,18.7
2023/05/10 02:39,18.4,61,10.8,18.4
2023/05/10 03:39,18.1,60,10.2,18.1
2023/05/10 04:39,17.8,60,10.0,17.8
2023/05/10 05:39,17.6,60,9.8,17.6
2023/05/10 06:39,17.4,60,9.6,17.4
2023/05/10 07:39,17.2,58,8.9,17.2
2023/05/10 08:39,17.2,56,8.4,17.2
2023/05/10 09:39,17.3,55,8.2,17.3
2023/05/10 10:39,17.7,53,8.0,17.7
2023/05/10 11:39,17.9,50,7.4,17.9
2023/05/10 12:39,18.4,48,7.2,18.4
2023/05/10 13:39,18.7,48,7.5,18.7
2023/05/10 14:39,18.9,47,7.4,18.9
2023/05/10 15:39,18.9,46,7.1,18.9
2023/05/10 16:39,19.2,46,7.3,19.2
2023/05/10 17:39,19.7,45,7.5,19.7
2023/05/10 18:39,19.8,45,7.6,19.8
2023/05/10 19:39,19.7,46,7.8,19.7
2023/05/10 20:39,19.5,45,7.3,19.5
2023/05/10 21:39,19.1,46,7.2,19.1
2023/05/10 22:39,18.8,47,7.3,18.8
2023/05/10 23:39,18.5,48,7.3,18.5
2023/05/11 00:39,18.2,49,7.3,18.2
2023/05/11 01:39,17.9,50,7.4,17.9
2023/05/11 02:39,17.5,51,7.3,17.5
2023/05/11 03:39,17.2,52,7.3,17.2
2023/05/11 04:39,17.0,53,7.4,17.0
2023/05/11 05:39,16.8,54,7.5,16.8
2023/05/11 06:39,16.5,55,7.5,16.5
2023/05/11 07:39,16.2,56,7.4,16.2
2023/05/11 08:39,16.4,56,7.6,16.4
2023/05/11 09:39,17.1,54,7.7,17.1
2023/05/11 10:39,17.5,52,7.6,17.5
2023/05/11 11:39,17.8,52,7.8,17.8
2023/05/11 12:39,17.9,53,8.2,17.9
2023/05/11 13:39,18.1,54,8.7,18.1
2023/05/11 14:39,18.7,50,8.1,18.7
2023/05/11 15:39,19.3,48,8.0,19.3
2023/05/11 16:39,19.3,49,8.3,19.3
2023/05/11 17:39,19.2,50,8.6,19.2
2023/05/11 18:39,19.0,49,8.1,19.0
2023/05/11 19:39,18.8,51,8.5,18.8
2023/05/11 20:39,18.6,51,8.3,18.6
2023/05/11 21:39,18.3,51,8.0,18.3
2023/05/11 22:39,18.1,52,8.1,18.1
2023/05/11 23:39,17.8,53,8.1,17.8
2023/05/12 00:39,17.5,54,8.1,17.5
2023/05/12 01:39,17.3,55,8.2,17.3
2023/05/12 02:39,17.0,55,7.9,17.0
2023/05/12 03:39,16.8,56,8.0,16.8
2023/05/12 04:39,16.6,56,7.8,16.6
2023/05/12 05:39,16.4,57,7.9,16.4
2023/05/12 06:39,16.2,57,7.7,16.2
2023/05/12 07:39,16.0,57,7.5,16.0
2023/05/12 08:39,16.0,57,7.5,16.0
2023/05/12 09:39,16.5,56,7.7,16.5
2023/05/12 10:39,17.0,56,8.2,17.0
2023/05/12 11:39,17.5,54,8.1,17.5
2023/05/12 12:39,18.3,51,8.0,18.3
2023/05/12 13:39,19.0,49,8.1,19.0
2023/05/12 14:39,19.4,48,8.1,19.4
2023/05/12 15:39,19.8,46,7.9,19.8
2023/05/12 16:39,20.2,45,7.9,20.2
2023/05/12 17:39,20.5,44,7.9,20.5
2023/05/12 18:39,20.6,44,7.9,20.6
2023/05/12 19:39,20.3,45,8.0,20.3
2023/05/12 20:39,20.1,47,8.5,20.1
2023/05/12 21:39,19.8,48,8.5,19.8
2023/05/12 22:39,19.6,47,8.0,19.6
2023/05/12 23:39,19.4,47,7.8,19.4
2023/05/13 00:39,19.1,49,8.2,19.1
2023/05/13 01:39,18.9,50,8.3,18.9
2023/05/13 02:39,18.7,50,8.1,18.7
2023/05/13 03:39,18.5,52,8.5,18.5
2023/05/13 04:39,18.3,52,8.3,18.3
2023/05/13 05:39,18.2,53,8.5,18.2
2023/05/13 06:39,18.0,54,8.6,18.0
2023/05/13 07:39,17.8,55,8.7,17.8
2023/05/13 08:39,17.7,55,8.6,17.7
2023/05/13 09:39,17.6,55,8.5,17.6
2023/05/13 10:39,17.7,55,8.6,17.7
2023/05/13 11:39,18.0,54,8.6,18.0
2023/05/13 12:39,18.6,51,8.3,18.6
2023/05/13 13:39,19.4,49,8.4,19.4
2023/05/13 14:39,19.4,50,8.7,19.4
2023/05/13 15:39,19.4,51,9.0,19.4
2023/05/13 16:39,19.5,51,9.1,19.5
2023/05/13 17:39,19.5,51,9.1,19.5
2023/05/13 18:39,19.5,52,9.4,19.5
2023/05/13 19:39,19.5,53,9.7,19.5
2023/05/13 20:39,19.3,53,9.5,19.3
2023/05/13 21:39,19.1,54,9.6,19.1
2023/05/13 22:39,18.9,55,9.7,18.9
2023/05/13 23:39,18.7,56,9.8,18.7
2023/05/14 00:39,18.4,57,9.8,18.4
2023/05/14 01:39,18.3,58,9.9,18.3
2023/05/14 02:39,18.1,58,9.7,18.1
2023/05/14 03:39,17.9,59,9.8,17.9
2023/05/14 04:39,17.7,59,9.6,17.7
2023/05/14 05:39,17.6,60,9.8,17.6
2023/05/14 06:39,17.4,60,9.6,17.4
2023/05/14 07:39,17.3,61,9.7,17.3
2023/05/14 08:39,17.2,61,9.6,17.2
2023/05/14 09:39,17.2,61,9.6,17.2
2023/05/14 10:39,17.3,60,9.5,17.3
2023/05/14 11:39,17.9,58,9.5,17.9
2023/05/14 12:39,18.2,57,9.6,18.2
2023/05/14 13:39,18.9,54,9.4,18.9
2023/05/14 14:39,19.4,52,9.3,19.4
2023/05/14 15:39,19.4,52,9.3,19.4
2023/05/14 16:39,19.5,53,9.7,19.5
2023/05/14 17:39,19.7,54,10.2,19.7
2023/05/14 18:39,19.8,54,10.2,19.8
2023/05/14 19:39,19.9,54,10.3,19.9
2023/05/14 20:39,19.9,55,10.6,19.9
2023/05/14 21:39,19.7,54,10.2,19.7
2023/05/14 22:39,19.3,54,9.8,19.3
2023/05/14 23:39,18.8,55,9.6,18.8
2023/05/15 00:39,18.4,56,9.5,18.4
2023/05/15 01:39,18.1,57,9.5,18.1
2023/05/15 02:39,17.9,57,9.3,17.9
2023/05/15 03:39,17.6,58,9.3,17.6
2023/05/15 04:39,17.3,59,9.2,17.3
2023/05/15 05:39,17.1,59,9.0,17.1
2023/05/15 06:39,16.8,60,9.0,16.8
2023/05/15 07:39,16.6,60,8.8,16.6
2023/05/15 08:39,16.7,60,8.9,16.7
2023/05/15 09:39,17.1,60,9.3,17.1
2023/05/15 10:39,17.5,59,9.4,17.5
2023/05/15 11:39,18.2,57,9.6,18.2
2023/05/15 12:39,18.9,55,9.7,18.9
2023/05/15 13:39,19.2,54,9.7,19.2
2023/05/15 14:39,19.6,53,9.8,19.6
2023/05/15 15:39,19.6,53,9.8,19.6
2023/05/15 16:39,19.7,52,9.6,19.7
2023/05/15 17:39,19.9,51,9.5,19.9
2023/05/15 18:39,19.9,50,9.2,19.9
2023/05/15 19:39,19.8,51,9.4,19.8
2023/05/15 20:39,19.6,51,9.2,19.6
2023/05/15 21:39,19.2,53,9.4,19.2
2023/05/15 22:39,18.8,53,9.0,18.8
2023/05/15 23:39,18.5,53,8.8,18.5
2023/05/16 00:39,18.2,54,8.8,18.2
2023/05/16 01:39,17.9,54,8.5,17.9
2023/05/16 02:39,17.6,54,8.2,17.6
2023/05/16 03:39,17.2,55,8.1,17.2
2023/05/16 04:39,16.9,56,8.1,16.9
2023/05/16 05:39,16.8,57,8.3,16.8
2023/05/16 06:39,16.6,57,8.1,16.6
2023/05/16 07:39,16.5,58,8.2,16.5
2023/05/16 08:39,16.5,57,8.0,16.5
2023/05/16 09:39,16.6,56,7.8,16.6
2023/05/16 10:39,17.0,55,7.9,17.0
2023/05/16 11:39,17.5,53,7.8,17.5
2023/05/16 12:39,17.7,51,7.5,17.7
2023/05/16 13:39,18.2,50,7.6,18.2
2023/05/16 14:39,18.5,49,7.6,18.5
2023/05/16 15:39,18.5,48,7.3,18.5
2023/05/16 16:39,18.4,48,7.2,18.4
2023/05/16 17:39,18.5,48,7.3,18.5
2023/05/16 18:39,18.4,49,7.5,18.4
2023/05/16 19:39,18.3,49,7.4,18.3
2023/05/16 20:39,18.0,50,7.4,18.0
2023/05/16 21:39,17.7,51,7.5,17.7
2023/05/16 22:39,17.4,51,7.2,17.4
2023/05/16 23:39,17.0,49,6.2,17.0
2023/05/17 00:39,16.7,48,5.7,16.7
2023/05/17 01:39,16.3,47,5.0,16.3
2023/05/17 02:40,16.0,47,4.7,16.0
2023/05/17 03:40,15.7,47,4.4,15.7
2023/05/17 04:40,15.4,47,4.2,15.4
2023/05/17 05:40,15.2,47,4.0,15.2
2023/05/17 06:40,15.0,47,3.8,15.0
2023/05/17 07:40,14.9,46,3.4,14.9
2023/05/17 08:40,14.9,46,3.4,14.9
2023/05/17 09:40,15.5,45,3.6,15.5
2023/05/17 10:40,15.9,45,4.0,15.9
2023/05/17 11:40,16.5,44,4.2,16.5
2023/05/17 12:40,16.9,43,4.3,16.9
2023/05/17 13:40,17.1,42,4.1,17.1
2023/05/17 14:40,17.1,42,4.1,17.1
2023/05/17 15:40,17.4,42,4.4,17.4
2023/05/17 16:40,17.5,41,4.1,17.5
2023/05/17 17:40,17.7,41,4.3,17.7
2023/05/17 18:40,17.8,41,4.4,17.8
2023/05/17 19:40,17.8,41,4.4,17.8
2023/05/17 20:40,17.7,41,4.3,17.7
2023/05/17 21:40,17.4,41,4.0,17.4
2023/05/17 22:40,17.1,41,3.8,17.1
2023/05/17 23:40,16.7,42,3.7,16.7
2023/05/18 00:40,16.5,43,3.9,16.5
2023/05/18 01:40,16.3,43,3.7,16.3
2023/05/18 02:40,16.0,45,4.1,16.0
2023/05/18 03:40,15.8,46,4.2,15.8
2023/05/18 04:40,15.5,47,4.3,15.5
2023/05/18 05:40,15.4,48,4.5,15.4
2023/05/18 06:40,15.2,48,4.3,15.2
2023/05/18 07:40,15.1,49,4.5,15.1
2023/05/18 08:40,15.1,49,4.5,15.1
2023/05/18 09:40,15.1,49,4.5,15.1
2023/05/18 10:40,15.4,49,4.8,15.4
2023/05/18 11:40,16.1,49,5.4,16.1
2023/05/18 12:40,16.7,48,5.7,16.7
2023/05/18 13:40,17.3,47,5.9,17.3
2023/05/18 14:40,17.8,46,6.0,17.8
2023/05/18 15:40,17.9,46,6.1,17.9
2023/05/18 16:40,18.1,45,6.0,18.1
2023/05/18 17:40,18.2,45,6.1,18.2
2023/05/18 18:40,18.3,45,6.2,18.3
2023/05/18 19:40,18.3,44,5.9,18.3
2023/05/18 20:40,18.3,45,6.2,18.3
2023/05/18 21:40,18.1,45,6.0,18.1
2023/05/18 22:40,17.9,46,6.1,17.9
2023/05/18 23:40,17.7,47,6.3,17.7
2023/05/19 00:40,17.4,48,6.3,17.4
2023/05/19 01:40,17.2,49,6.4,17.2
2023/05/19 02:40,17.0,49,6.2,17.0
2023/05/19 03:40,16.9,49,6.1,16.9
2023/05/19 04:40,16.7,49,6.0,16.7
2023/05/19 05:40,16.5,50,6.1,16.5
2023/05/19 06:40,16.4,50,6.0,16.4
2023/05/19 07:40,16.3,51,6.2,16.3
2023/05/19 08:40,16.5,51,6.4,16.5
2023/05/19 09:40,17.0,51,6.8,17.0
2023/05/19 10:40,17.6,50,7.1,17.6
2023/05/19 11:40,18.2,49,7.3,18.2
2023/05/19 12:40,18.8,48,7.6,18.8
2023/05/19 13:40,19.3,47,7.7,19.3
2023/05/19 14:40,19.8,46,7.9,19.8
2023/05/19 15:40,20.2,46,8.2,20.2
2023/05/19 16:40,20.5,45,8.2,20.5
2023/05/19 17:40,20.6,45,8.3,20.6
2023/05/19 18:40,20.5,45,8.2,20.5
2023/05/19 19:40,20.4,46,8.4,20.4
2023/05/19 20:40,20.1,46,8.1,20.1
2023/05/19 21:40,19.8,47,8.2,19.8
2023/05/19 22:40,19.4,49,8.4,19.4
2023/05/19 23:40,19.1,49,8.2,19.1
2023/05/20 00:40,18.8,50,8.2,18.8
2023/05/20 01:40,18.5,50,7.9,18.5
2023/05/20 02:40,18.3,51,8.0,18.3
2023/05/20 03:40,18.1,51,7.8,18.1
2023/05/20 04:40,17.9,52,7.9,17.9
2023/05/20 05:40,17.7,52,7.7,17.7
2023/05/20 06:40,17.5,52,7.6,17.5
2023/05/20 07:40,17.4,53,7.7,17.4
2023/05/20 08:40,17.4,53,7.7,17.4
2023/05/20 09:40,17.5,54,8.1,17.5
2023/05/20 10:40,17.8,54,8.4,17.8
2023/05/20 11:40,18.3,53,8.6,18.3
2023/05/20 12:40,18.8,52,8.8,18.8
2023/05/20 13:40,19.3,51,8.9,19.3
2023/05/20 14:40,19.7,50,9.0,19.7
2023/05/20 15:40,20.0,50,9.3,20.0
2023/05/20 16:40,20.1,50,9.4,20.1
2023/05/20 17:40,20.1,50,9.4,20.1
2023/05/20 18:40,20.1,51,9.7,20.1
2023/05/20 19:40,20.1,51,9.7,20.1
2023/05/20 20:40,19.9,51,9.5,19.9
2023/05/20 21:40,19.7,52,9.6,19.7
2023/05/20 22:40,19.5,53,9.7,19.5
2023/05/20 23:40,19.3,53,9.5,19.3
2023/05/21 00:40,19.0,54,9.5,19.0
2023/05/21 01:40,18.7,55,9.5,18.7
2023/05/21 02:40,18.4,56,9.5,18.4
2023/05/21 03:40,18.2,57,9.6,18.2
2023/05/21 04:40,17.9,57,9.3,17.9
2023/05/21 05:40,17.6,58,9.3,17.6
2023/05/21 06:40,17.4,58,9.1,17.4
2023/05/21 07:40,17.2,59,9.1,17.2
2023/05/21 08:40,17.2,60,9.4,17.2
2023/05/21 09:40,17.4,60,9.6,17.4
2023/05/21 10:40,17.8,60,10.0,17.8
2023/05/21 11:40,18.2,60,10.3,18.2
2023/05/21 12:40,18.7,59,10.5,18.7
2023/05/21 13:40,19.4,59,11.2,19.4
2023/05/21 14:40,20.1,58,11.6,20.1
2023/05/21 15:40,20.6,57,11.8,20.6
2023/05/21 16:40,20.9,56,11.8,20.9
2023/05/21 17:40,21.2,55,11.8,21.2
2023/05/21 18:40,21.6,53,11.6,21.6
2023/05/21 19:40,21.8,53,11.8,21.8
2023/05/21 20:40,21.7,55,12.3,21.7
2023/05/21 21:40,21.6,56,12.5,21.6
2023/05/21 22:40,21.4,58,12.8,21.4
2023/05/21 23:40,21.2,60,13.2,21.2
2023/05/22 00:40,21.0,61,13.2,21.0
2023/05/22 01:40,20.8,62,13.3,20.8
2023/05/22 02:40,20.5,63,13.2,20.5
2023/05/22 03:40,20.3,64,13.3,20.3
2023/05/22 04:40,20.0,64,13.0,20.0
2023/05/22 05:40,19.7,64,12.7,19.7
2023/05/22 06:40,19.4,65,12.7,19.4
2023/05/22 07:40,19.3,65,12.6,19.3
2023/05/22 08:40,19.7,66,13.2,19.7
2023/05/22 09:40,19.8,67,13.5,19.8
2023/05/22 10:40,20.6,67,14.3,20.6
2023/05/22 11:40,21.5,63,14.2,21.5
2023/05/22 12:40,22.4,61,14.5,22.4
2023/05/22 13:40,23.2,58,14.5,23.2
2023/05/22 14:40,23.9,55,14.3,23.9
2023/05/22 15:40,24.4,52,13.9,24.4
2023/05/22 16:40,24.2,51,13.5,24.2
2023/05/22 17:40,24.5,48,12.8,24.5
2023/05/22 18:40,24.9,46,12.5,24.9
2023/05/22 19:40,25.2,45,12.5,25.2
2023/05/22 20:40,25.1,45,12.4,25.1
2023/05/22 21:40,24.5,47,12.5,24.5
2023/05/22 22:40,24.1,49,12.8,24.1
2023/05/22 23:40,23.6,50,12.6,23.6
2023/05/23 00:40,23.1,51,12.4,23.1
2023/05/23 01:40,22.7,52,12.4,22.7
2023/05/23 02:40,22.3,53,12.3,22.3
2023/05/23 03:40,21.8,54,12.1,21.8
2023/05/23 04:40,21.4,55,12.0,21.4
2023/05/23 05:40,21.0,56,11.9,21.0
2023/05/23 06:40,20.6,57,11.8,20.6
2023/05/23 07:40,20.4,58,11.9,20.4
2023/05/23 08:40,20.6,59,12.3,20.6
2023/05/23 09:40,21.1,60,13.1,21.1
2023/05/23 10:40,21.8,58,13.2,21.8
2023/05/23 11:40,22.6,56,13.4,22.6
2023/05/23 12:40,23.3,55,13.8,23.3
2023/05/23 13:40,24.0,54,14.1,24.0
2023/05/23 14:40,24.5,52,14.0,24.5
2023/05/23 15:40,25.0,51,14.2,25.0
2023/05/23 16:40,25.4,49,13.9,25.4
2023/05/23 17:40,25.1,51,14.3,25.1
2023/05/23 18:40,24.7,55,15.1,24.7
2023/05/23 19:40,24.3,55,14.7,24.3
2023/05/23 20:40,24.1,55,14.5,24.1
2023/05/23 21:40,23.8,55,14.2,23.8
2023/05/23 22:40,23.3,55,13.8,23.3
2023/05/23 23:40,23.0,55,13.5,23.0
2023/05/24 00:40,22.5,54,12.8,22.5
2023/05/24 01:40,22.1,54,12.4,22.1
2023/05/24 02:40,21.8,53,11.8,21.8
2023/05/24 03:40,21.4,53,11.5,21.4
2023/05/24 04:40,21.1,53,11.2,21.1
2023/05/24 05:40,20.8,54,11.2,20.8
2023/05/24 06:40,20.6,54,11.0,20.6
2023/05/24 07:40,20.4,55,11.1,20.4
2023/05/24 08:40,20.3,55,11.0,20.3
2023/05/24 09:40,20.4,55,11.1,20.4
2023/05/24 10:40,20.5,55,11.2,20.5
2023/05/24 11:40,20.7,55,11.4,20.7
2023/05/24 12:40,20.8,55,11.5,20.8
2023/05/24 13:40,21.2,55,11.8,21.2
2023/05/24 14:40,21.6,54,11.9,21.6
2023/05/24 15:40,21.9,54,12.2,21.9
2023/05/24 16:40,22.1,53,12.1,22.1
2023/05/24 17:40,22.2,53,12.2,22.2
2023/05/24 18:40,22.2,51,11.6,22.2
2023/05/24 19:40,22.0,51,11.4,22.0
2023/05/24 20:40,21.6,50,10.8,21.6
2023/05/24 21:40,21.1,49,10.0,21.1
2023/05/24 22:40,20.6,49,9.5,20.6
2023/05/24 23:40,20.2,50,9.5,20.2
2023/05/25 00:40,19.8,50,9.1,19.8
2023/05/25 01:40,19.2,50,8.6,19.2
2023/05/25 02:40,18.8,51,8.5,18.8
2023/05/25 03:40,18.4,52,8.4,18.4
2023/05/25 04:40,18.1,51,7.8,18.1
2023/05/25 05:40,17.8,52,7.8,17.8
2023/05/25 06:40,17.6,51,7.4,17.6
2023/05/25 07:40,17.4,51,7.2,17.4
2023/05/25 08:40,17.3,51,7.1,17.3
2023/05/25 09:40,17.3,52,7.4,17.3
2023/05/25 10:40,17.4,53,7.7,17.4
2023/05/25 11:40,18.2,53,8.5,18.2
2023/05/25 12:40,18.9,52,8.9,18.9
2023/05/25 13:40,19.4,52,9.3,19.4
2023/05/25 14:40,20.0,51,9.6,20.0
2023/05/25 15:40,20.6,50,9.8,20.6
